[2026-01-07 18:27:57.268] [Info] [RegistryMonitor] Starting Registry monitoring...
[2026-01-07 18:27:57.269] [Debug] [RegistryMonitor] Monitoring: System Policies (LocalMachine\SOFTWARE\Microsoft\Windows\CurrentVersion\Policies)
[2026-01-07 18:27:57.269] [Debug] [RegistryMonitor] Monitoring: Windows Group Policies (LocalMachine\SOFTWARE\Policies\Microsoft\Windows)
[2026-01-07 18:27:57.269] [Debug] [RegistryMonitor] Monitoring: System Startup Programs (LocalMachine\SOFTWARE\Microsoft\Windows\CurrentVersion\Run)
[2026-01-07 18:27:57.269] [Debug] [RegistryMonitor] Monitoring: System RunOnce (LocalMachine\SOFTWARE\Microsoft\Windows\CurrentVersion\RunOnce)
[2026-01-07 18:27:57.269] [Debug] [RegistryMonitor] Monitoring: Windows Settings (LocalMachine\SOFTWARE\Microsoft\Windows NT\CurrentVersion\Windows)
[2026-01-07 18:27:57.269] [Debug] [RegistryMonitor] Monitoring: System Services (LocalMachine\SYSTEM\CurrentControlSet\Services)
[2026-01-07 18:27:57.269] [Debug] [RegistryMonitor] Monitoring: System Control Settings (LocalMachine\SYSTEM\CurrentControlSet\Control)
[2026-01-07 18:27:57.269] [Debug] [RegistryMonitor] Monitoring: Session Manager (LocalMachine\SYSTEM\CurrentControlSet\Control\Session Manager)
[2026-01-07 18:27:57.269] [Debug] [RegistryMonitor] Monitoring: Installed Programs (LocalMachine\SOFTWARE\Microsoft\Windows\CurrentVersion\Uninstall)
[2026-01-07 18:27:57.269] [Debug] [RegistryMonitor] Monitoring: Winlogon Settings (LocalMachine\SOFTWARE\Microsoft\Windows NT\CurrentVersion\Winlogon)
[2026-01-07 18:27:57.269] [Debug] [RegistryMonitor] Monitoring: Explorer Settings (LocalMachine\SOFTWARE\Microsoft\Windows\CurrentVersion\Explorer)
[2026-01-07 18:27:57.269] [Debug] [RegistryMonitor] Monitoring: Windows Features (LocalMachine\SOFTWARE\Microsoft\Windows\CurrentVersion\Component Based Servicing)
[2026-01-07 18:27:57.269] [Debug] [RegistryMonitor] Monitoring: Windows Setup State (LocalMachine\SOFTWARE\Microsoft\Windows\CurrentVersion\Setup\State)
[2026-01-07 18:27:57.269] [Debug] [RegistryMonitor] Monitoring: Windows Defender (LocalMachine\SOFTWARE\Microsoft\Windows Defender)
[2026-01-07 18:27:57.269] [Debug] [RegistryMonitor] Monitoring: Local Security Authority (LocalMachine\SYSTEM\CurrentControlSet\Control\Lsa)
[2026-01-07 18:27:57.269] [Debug] [RegistryMonitor] Monitoring: Authentication Settings (LocalMachine\SOFTWARE\Microsoft\Windows\CurrentVersion\Authentication)
[2026-01-07 18:27:57.269] [Debug] [RegistryMonitor] Monitoring: TCP/IP Settings (LocalMachine\SYSTEM\CurrentControlSet\Services\Tcpip\Parameters)
[2026-01-07 18:27:57.269] [Debug] [RegistryMonitor] Monitoring: Network Profiles (LocalMachine\SOFTWARE\Microsoft\Windows NT\CurrentVersion\NetworkList)
[2026-01-07 18:27:57.269] [Debug] [RegistryMonitor] Monitoring: DNS Cache Settings (LocalMachine\SYSTEM\CurrentControlSet\Services\Dnscache\Parameters)
[2026-01-07 18:27:57.269] [Debug] [RegistryMonitor] Monitoring: User Startup Programs (CurrentUser\SOFTWARE\Microsoft\Windows\CurrentVersion\Run)
[2026-01-07 18:27:57.269] [Debug] [RegistryMonitor] Monitoring: User RunOnce (CurrentUser\SOFTWARE\Microsoft\Windows\CurrentVersion\RunOnce)
[2026-01-07 18:27:57.269] [Debug] [RegistryMonitor] Monitoring: User Policies (CurrentUser\SOFTWARE\Microsoft\Windows\CurrentVersion\Policies)
[2026-01-07 18:27:57.269] [Debug] [RegistryMonitor] Monitoring: Explorer Advanced Settings (CurrentUser\SOFTWARE\Microsoft\Windows\CurrentVersion\Explorer\Advanced)
[2026-01-07 18:27:57.269] [Debug] [RegistryMonitor] Monitoring: Desktop Settings (CurrentUser\Control Panel\Desktop)
[2026-01-07 18:27:57.269] [Debug] [RegistryMonitor] Monitoring: Mouse Settings (CurrentUser\Control Panel\Mouse)
[2026-01-07 18:27:57.269] [Debug] [RegistryMonitor] Monitoring: Keyboard Settings (CurrentUser\Control Panel\Keyboard)
[2026-01-07 18:27:57.269] [Debug] [RegistryMonitor] Monitoring: Theme Settings (CurrentUser\SOFTWARE\Microsoft\Windows\CurrentVersion\Themes)
[2026-01-07 18:27:57.269] [Debug] [RegistryMonitor] Monitoring: Internet Settings (CurrentUser\SOFTWARE\Microsoft\Windows\CurrentVersion\Internet Settings)
[2026-01-07 18:27:57.269] [Info] [RegistryMonitor] Registry monitoring started with 28 watchers
[2026-01-07 18:27:58.570] [Info] [RegistryWatcher] Modified: LocalMachine\SYSTEM\CurrentControlSet\Services | KeyPath=LocalMachine\SYSTEM\CurrentControlSet\Services, ChangeType=Modified, Details=Change detected in System Services
[2026-01-07 18:27:58.570] [Info] [RegistryWatcher] Modified: LocalMachine\SYSTEM\CurrentControlSet\Services | KeyPath=LocalMachine\SYSTEM\CurrentControlSet\Services, ChangeType=Modified, Details=Change detected in System Services
[2026-01-07 18:27:58.570] [Info] [RegistryWatcher] Modified: LocalMachine\SYSTEM\CurrentControlSet\Services | KeyPath=LocalMachine\SYSTEM\CurrentControlSet\Services, ChangeType=Modified, Details=Change detected in System Services
[2026-01-07 18:27:58.789] [Info] [RegistryWatcher] Modified: LocalMachine\SYSTEM\CurrentControlSet\Services | KeyPath=LocalMachine\SYSTEM\CurrentControlSet\Services, ChangeType=Modified, Details=Change detected in System Services
[2026-01-07 18:27:59.196] [Info] [RegistryWatcher] Modified: LocalMachine\SYSTEM\CurrentControlSet\Control | KeyPath=LocalMachine\SYSTEM\CurrentControlSet\Control, ChangeType=Modified, Details=Change detected in System Control Settings
[2026-01-07 18:27:59.197] [Info] [RegistryWatcher] Modified: LocalMachine\SYSTEM\CurrentControlSet\Control | KeyPath=LocalMachine\SYSTEM\CurrentControlSet\Control, ChangeType=Modified, Details=Change detected in System Control Settings
[2026-01-07 18:27:59.244] [Info] [RegistryWatcher] Modified: LocalMachine\SYSTEM\CurrentControlSet\Control | KeyPath=LocalMachine\SYSTEM\CurrentControlSet\Control, ChangeType=Modified, Details=Change detected in System Control Settings
[2026-01-07 18:27:59.246] [Info] [RegistryWatcher] Modified: LocalMachine\SYSTEM\CurrentControlSet\Control | KeyPath=LocalMachine\SYSTEM\CurrentControlSet\Control, ChangeType=Modified, Details=Change detected in System Control Settings
[2026-01-07 18:39:20.466] [Info] [RegistryMonitor] Starting Registry monitoring...
[2026-01-07 18:39:20.468] [Debug] [RegistryMonitor] Monitoring: System Policies (LocalMachine\SOFTWARE\Microsoft\Windows\CurrentVersion\Policies)
[2026-01-07 18:39:20.468] [Debug] [RegistryMonitor] Monitoring: Windows Group Policies (LocalMachine\SOFTWARE\Policies\Microsoft\Windows)
[2026-01-07 18:39:20.468] [Debug] [RegistryMonitor] Monitoring: System Startup Programs (LocalMachine\SOFTWARE\Microsoft\Windows\CurrentVersion\Run)
[2026-01-07 18:39:20.468] [Debug] [RegistryMonitor] Monitoring: System RunOnce (LocalMachine\SOFTWARE\Microsoft\Windows\CurrentVersion\RunOnce)
[2026-01-07 18:39:20.468] [Debug] [RegistryMonitor] Monitoring: Windows Settings (LocalMachine\SOFTWARE\Microsoft\Windows NT\CurrentVersion\Windows)
[2026-01-07 18:39:20.468] [Debug] [RegistryMonitor] Monitoring: System Services (LocalMachine\SYSTEM\CurrentControlSet\Services)
[2026-01-07 18:39:20.468] [Debug] [RegistryMonitor] Monitoring: System Control Settings (LocalMachine\SYSTEM\CurrentControlSet\Control)
[2026-01-07 18:39:20.468] [Debug] [RegistryMonitor] Monitoring: Session Manager (LocalMachine\SYSTEM\CurrentControlSet\Control\Session Manager)
[2026-01-07 18:39:20.468] [Debug] [RegistryMonitor] Monitoring: Installed Programs (LocalMachine\SOFTWARE\Microsoft\Windows\CurrentVersion\Uninstall)
[2026-01-07 18:39:20.468] [Debug] [RegistryMonitor] Monitoring: Winlogon Settings (LocalMachine\SOFTWARE\Microsoft\Windows NT\CurrentVersion\Winlogon)
[2026-01-07 18:39:20.468] [Debug] [RegistryMonitor] Monitoring: Explorer Settings (LocalMachine\SOFTWARE\Microsoft\Windows\CurrentVersion\Explorer)
[2026-01-07 18:39:20.468] [Debug] [RegistryMonitor] Monitoring: Windows Features (LocalMachine\SOFTWARE\Microsoft\Windows\CurrentVersion\Component Based Servicing)
[2026-01-07 18:39:20.468] [Debug] [RegistryMonitor] Monitoring: Windows Setup State (LocalMachine\SOFTWARE\Microsoft\Windows\CurrentVersion\Setup\State)
[2026-01-07 18:39:20.468] [Debug] [RegistryMonitor] Monitoring: Windows Defender (LocalMachine\SOFTWARE\Microsoft\Windows Defender)
[2026-01-07 18:39:20.468] [Debug] [RegistryMonitor] Monitoring: Local Security Authority (LocalMachine\SYSTEM\CurrentControlSet\Control\Lsa)
[2026-01-07 18:39:20.468] [Debug] [RegistryMonitor] Monitoring: Authentication Settings (LocalMachine\SOFTWARE\Microsoft\Windows\CurrentVersion\Authentication)
[2026-01-07 18:39:20.468] [Debug] [RegistryMonitor] Monitoring: TCP/IP Settings (LocalMachine\SYSTEM\CurrentControlSet\Services\Tcpip\Parameters)
[2026-01-07 18:39:20.468] [Debug] [RegistryMonitor] Monitoring: Network Profiles (LocalMachine\SOFTWARE\Microsoft\Windows NT\CurrentVersion\NetworkList)
[2026-01-07 18:39:20.468] [Debug] [RegistryMonitor] Monitoring: DNS Cache Settings (LocalMachine\SYSTEM\CurrentControlSet\Services\Dnscache\Parameters)
[2026-01-07 18:39:20.468] [Debug] [RegistryMonitor] Monitoring: User Startup Programs (CurrentUser\SOFTWARE\Microsoft\Windows\CurrentVersion\Run)
[2026-01-07 18:39:20.468] [Debug] [RegistryMonitor] Monitoring: User RunOnce (CurrentUser\SOFTWARE\Microsoft\Windows\CurrentVersion\RunOnce)
[2026-01-07 18:39:20.468] [Debug] [RegistryMonitor] Monitoring: User Policies (CurrentUser\SOFTWARE\Microsoft\Windows\CurrentVersion\Policies)
[2026-01-07 18:39:20.468] [Debug] [RegistryMonitor] Monitoring: Explorer Advanced Settings (CurrentUser\SOFTWARE\Microsoft\Windows\CurrentVersion\Explorer\Advanced)
[2026-01-07 18:39:20.468] [Debug] [RegistryMonitor] Monitoring: Desktop Settings (CurrentUser\Control Panel\Desktop)
[2026-01-07 18:39:20.468] [Debug] [RegistryMonitor] Monitoring: Mouse Settings (CurrentUser\Control Panel\Mouse)
[2026-01-07 18:39:20.468] [Debug] [RegistryMonitor] Monitoring: Keyboard Settings (CurrentUser\Control Panel\Keyboard)
[2026-01-07 18:39:20.468] [Debug] [RegistryMonitor] Monitoring: Theme Settings (CurrentUser\SOFTWARE\Microsoft\Windows\CurrentVersion\Themes)
[2026-01-07 18:39:20.468] [Debug] [RegistryMonitor] Monitoring: Internet Settings (CurrentUser\SOFTWARE\Microsoft\Windows\CurrentVersion\Internet Settings)
[2026-01-07 18:39:20.468] [Info] [RegistryMonitor] Registry monitoring started with 28 watchers
[2026-01-07 18:39:21.174] [Info] [RegistryWatcher] Modified: LocalMachine\SYSTEM\CurrentControlSet\Control | KeyPath=LocalMachine\SYSTEM\CurrentControlSet\Control, ChangeType=Modified, Details=Change detected in System Control Settings
[2026-01-07 18:39:21.419] [Info] [RegistryWatcher] Modified: LocalMachine\SYSTEM\CurrentControlSet\Control | KeyPath=LocalMachine\SYSTEM\CurrentControlSet\Control, ChangeType=Modified, Details=Change detected in System Control Settings
[2026-01-07 18:39:21.420] [Info] [RegistryWatcher] Modified: LocalMachine\SYSTEM\CurrentControlSet\Control | KeyPath=LocalMachine\SYSTEM\CurrentControlSet\Control, ChangeType=Modified, Details=Change detected in System Control Settings
[2026-01-07 18:39:21.459] [Info] [RegistryWatcher] Modified: LocalMachine\SYSTEM\CurrentControlSet\Control | KeyPath=LocalMachine\SYSTEM\CurrentControlSet\Control, ChangeType=Modified, Details=Change detected in System Control Settings
[2026-01-07 18:39:21.460] [Info] [RegistryWatcher] Modified: LocalMachine\SYSTEM\CurrentControlSet\Control | KeyPath=LocalMachine\SYSTEM\CurrentControlSet\Control, ChangeType=Modified, Details=Change detected in System Control Settings
[2026-01-07 18:39:23.317] [Info] [RegistryWatcher] Modified: LocalMachine\SYSTEM\CurrentControlSet\Services | KeyPath=LocalMachine\SYSTEM\CurrentControlSet\Services, ChangeType=Modified, Details=Change detected in System Services
[2026-01-07 18:39:31.232] [Info] [RegistryWatcher] Modified: LocalMachine\SYSTEM\CurrentControlSet\Services | KeyPath=LocalMachine\SYSTEM\CurrentControlSet\Services, ChangeType=Modified, Details=Change detected in System Services
[2026-01-07 18:39:31.235] [Info] [RegistryWatcher] Modified: LocalMachine\SYSTEM\CurrentControlSet\Services | KeyPath=LocalMachine\SYSTEM\CurrentControlSet\Services, ChangeType=Modified, Details=Change detected in System Services
[2026-01-07 18:39:31.515] [Info] [RegistryWatcher] Modified: LocalMachine\SYSTEM\CurrentControlSet\Control | KeyPath=LocalMachine\SYSTEM\CurrentControlSet\Control, ChangeType=Modified, Details=Change detected in System Control Settings
[2026-01-07 18:39:31.517] [Info] [RegistryWatcher] Modified: LocalMachine\SYSTEM\CurrentControlSet\Control | KeyPath=LocalMachine\SYSTEM\CurrentControlSet\Control, ChangeType=Modified, Details=Change detected in System Control Settings
[2026-01-07 18:39:31.547] [Info] [RegistryWatcher] Modified: LocalMachine\SYSTEM\CurrentControlSet\Control | KeyPath=LocalMachine\SYSTEM\CurrentControlSet\Control, ChangeType=Modified, Details=Change detected in System Control Settings
[2026-01-07 18:39:31.549] [Info] [RegistryWatcher] Modified: LocalMachine\SYSTEM\CurrentControlSet\Control | KeyPath=LocalMachine\SYSTEM\CurrentControlSet\Control, ChangeType=Modified, Details=Change detected in System Control Settings
[2026-01-07 18:39:35.833] [Info] [RegistryWatcher] Modified: LocalMachine\SYSTEM\CurrentControlSet\Services | KeyPath=LocalMachine\SYSTEM\CurrentControlSet\Services, ChangeType=Modified, Details=Change detected in System Services
[2026-01-07 18:39:40.882] [Info] [RegistryWatcher] Modified: LocalMachine\SYSTEM\CurrentControlSet\Services | KeyPath=LocalMachine\SYSTEM\CurrentControlSet\Services, ChangeType=Modified, Details=Change detected in System Services
[2026-01-07 18:39:41.610] [Info] [RegistryWatcher] Modified: LocalMachine\SYSTEM\CurrentControlSet\Control | KeyPath=LocalMachine\SYSTEM\CurrentControlSet\Control, ChangeType=Modified, Details=Change detected in System Control Settings
[2026-01-07 18:39:41.611] [Info] [RegistryWatcher] Modified: LocalMachine\SYSTEM\CurrentControlSet\Control | KeyPath=LocalMachine\SYSTEM\CurrentControlSet\Control, ChangeType=Modified, Details=Change detected in System Control Settings
[2026-01-07 18:39:41.643] [Info] [RegistryWatcher] Modified: LocalMachine\SYSTEM\CurrentControlSet\Control | KeyPath=LocalMachine\SYSTEM\CurrentControlSet\Control, ChangeType=Modified, Details=Change detected in System Control Settings
[2026-01-07 18:39:41.644] [Info] [RegistryWatcher] Modified: LocalMachine\SYSTEM\CurrentControlSet\Control | KeyPath=LocalMachine\SYSTEM\CurrentControlSet\Control, ChangeType=Modified, Details=Change detected in System Control Settings
[2026-01-07 18:39:50.120] [Info] [RegistryWatcher] Modified: LocalMachine\SYSTEM\CurrentControlSet\Services | KeyPath=LocalMachine\SYSTEM\CurrentControlSet\Services, ChangeType=Modified, Details=Change detected in System Services
[2026-01-07 18:39:50.143] [Info] [RegistryWatcher] Modified: LocalMachine\SYSTEM\CurrentControlSet\Services | KeyPath=LocalMachine\SYSTEM\CurrentControlSet\Services, ChangeType=Modified, Details=Change detected in System Services
[2026-01-07 18:39:51.710] [Info] [RegistryWatcher] Modified: LocalMachine\SYSTEM\CurrentControlSet\Control | KeyPath=LocalMachine\SYSTEM\CurrentControlSet\Control, ChangeType=Modified, Details=Change detected in System Control Settings
[2026-01-07 18:39:51.712] [Info] [RegistryWatcher] Modified: LocalMachine\SYSTEM\CurrentControlSet\Control | KeyPath=LocalMachine\SYSTEM\CurrentControlSet\Control, ChangeType=Modified, Details=Change detected in System Control Settings
[2026-01-07 18:39:51.745] [Info] [RegistryWatcher] Modified: LocalMachine\SYSTEM\CurrentControlSet\Control | KeyPath=LocalMachine\SYSTEM\CurrentControlSet\Control, ChangeType=Modified, Details=Change detected in System Control Settings
[2026-01-07 18:39:51.746] [Info] [RegistryWatcher] Modified: LocalMachine\SYSTEM\CurrentControlSet\Control | KeyPath=LocalMachine\SYSTEM\CurrentControlSet\Control, ChangeType=Modified, Details=Change detected in System Control Settings
[2026-01-07 18:39:57.113] [Info] [RegistryWatcher] Modified: LocalMachine\SYSTEM\CurrentControlSet\Control | KeyPath=LocalMachine\SYSTEM\CurrentControlSet\Control, ChangeType=Modified, Details=Change detected in System Control Settings
[2026-01-07 18:39:57.115] [Info] [RegistryWatcher] Modified: LocalMachine\SYSTEM\CurrentControlSet\Services | KeyPath=LocalMachine\SYSTEM\CurrentControlSet\Services, ChangeType=Modified, Details=Change detected in System Services
[2026-01-07 18:39:57.116] [Info] [RegistryWatcher] Modified: LocalMachine\SYSTEM\CurrentControlSet\Control | KeyPath=LocalMachine\SYSTEM\CurrentControlSet\Control, ChangeType=Modified, Details=Change detected in System Control Settings
[2026-01-07 18:39:57.118] [Info] [RegistryWatcher] Modified: LocalMachine\SYSTEM\CurrentControlSet\Control | KeyPath=LocalMachine\SYSTEM\CurrentControlSet\Control, ChangeType=Modified, Details=Change detected in System Control Settings
[2026-01-07 18:39:57.122] [Info] [RegistryWatcher] Modified: LocalMachine\SYSTEM\CurrentControlSet\Control | KeyPath=LocalMachine\SYSTEM\CurrentControlSet\Control, ChangeType=Modified, Details=Change detected in System Control Settings
[2026-01-07 18:39:57.122] [Info] [RegistryWatcher] Modified: LocalMachine\SYSTEM\CurrentControlSet\Control | KeyPath=LocalMachine\SYSTEM\CurrentControlSet\Control, ChangeType=Modified, Details=Change detected in System Control Settings
[2026-01-07 18:39:57.798] [Info] [RegistryWatcher] Modified: LocalMachine\SYSTEM\CurrentControlSet\Services | KeyPath=LocalMachine\SYSTEM\CurrentControlSet\Services, ChangeType=Modified, Details=Change detected in System Services
[2026-01-07 18:39:58.262] [Info] [RegistryWatcher] Modified: LocalMachine\SYSTEM\CurrentControlSet\Services | KeyPath=LocalMachine\SYSTEM\CurrentControlSet\Services, ChangeType=Modified, Details=Change detected in System Services
[2026-01-07 18:39:58.262] [Info] [RegistryWatcher] Modified: LocalMachine\SYSTEM\CurrentControlSet\Services | KeyPath=LocalMachine\SYSTEM\CurrentControlSet\Services, ChangeType=Modified, Details=Change detected in System Services
[2026-01-07 18:40:01.808] [Info] [RegistryWatcher] Modified: LocalMachine\SYSTEM\CurrentControlSet\Control | KeyPath=LocalMachine\SYSTEM\CurrentControlSet\Control, ChangeType=Modified, Details=Change detected in System Control Settings
[2026-01-07 18:40:01.810] [Info] [RegistryWatcher] Modified: LocalMachine\SYSTEM\CurrentControlSet\Control | KeyPath=LocalMachine\SYSTEM\CurrentControlSet\Control, ChangeType=Modified, Details=Change detected in System Control Settings
[2026-01-07 18:40:01.843] [Info] [RegistryWatcher] Modified: LocalMachine\SYSTEM\CurrentControlSet\Control | KeyPath=LocalMachine\SYSTEM\CurrentControlSet\Control, ChangeType=Modified, Details=Change detected in System Control Settings
[2026-01-07 18:40:01.844] [Info] [RegistryWatcher] Modified: LocalMachine\SYSTEM\CurrentControlSet\Control | KeyPath=LocalMachine\SYSTEM\CurrentControlSet\Control, ChangeType=Modified, Details=Change detected in System Control Settings
[2026-01-07 18:40:03.271] [Info] [RegistryWatcher] Modified: LocalMachine\SYSTEM\CurrentControlSet\Services | KeyPath=LocalMachine\SYSTEM\CurrentControlSet\Services, ChangeType=Modified, Details=Change detected in System Services
[2026-01-07 18:40:07.332] [Info] [RegistryWatcher] Modified: LocalMachine\SYSTEM\CurrentControlSet\Services | KeyPath=LocalMachine\SYSTEM\CurrentControlSet\Services, ChangeType=Modified, Details=Change detected in System Services
[2026-01-07 18:40:07.356] [Info] [RegistryWatcher] Modified: LocalMachine\SYSTEM\CurrentControlSet\Control | KeyPath=LocalMachine\SYSTEM\CurrentControlSet\Control, ChangeType=Modified, Details=Change detected in System Control Settings
[2026-01-07 18:40:07.356] [Info] [RegistryWatcher] Modified: LocalMachine\SYSTEM\CurrentControlSet\Control | KeyPath=LocalMachine\SYSTEM\CurrentControlSet\Control, ChangeType=Modified, Details=Change detected in System Control Settings
[2026-01-07 18:40:07.358] [Info] [RegistryWatcher] Modified: LocalMachine\SYSTEM\CurrentControlSet\Control | KeyPath=LocalMachine\SYSTEM\CurrentControlSet\Control, ChangeType=Modified, Details=Change detected in System Control Settings
[2026-01-07 18:40:07.359] [Info] [RegistryWatcher] Modified: LocalMachine\SYSTEM\CurrentControlSet\Control | KeyPath=LocalMachine\SYSTEM\CurrentControlSet\Control, ChangeType=Modified, Details=Change detected in System Control Settings
[2026-01-07 18:40:07.361] [Info] [RegistryWatcher] Modified: LocalMachine\SYSTEM\CurrentControlSet\Control | KeyPath=LocalMachine\SYSTEM\CurrentControlSet\Control, ChangeType=Modified, Details=Change detected in System Control Settings
[2026-01-07 18:40:08.407] [Info] [RegistryWatcher] Modified: LocalMachine\SYSTEM\CurrentControlSet\Services | KeyPath=LocalMachine\SYSTEM\CurrentControlSet\Services, ChangeType=Modified, Details=Change detected in System Services
[2026-01-07 18:40:08.408] [Info] [RegistryWatcher] Modified: LocalMachine\SYSTEM\CurrentControlSet\Control | KeyPath=LocalMachine\SYSTEM\CurrentControlSet\Control, ChangeType=Modified, Details=Change detected in System Control Settings
[2026-01-07 18:40:08.411] [Info] [RegistryWatcher] Modified: LocalMachine\SYSTEM\CurrentControlSet\Control | KeyPath=LocalMachine\SYSTEM\CurrentControlSet\Control, ChangeType=Modified, Details=Change detected in System Control Settings
[2026-01-07 18:40:08.415] [Info] [RegistryWatcher] Modified: LocalMachine\SYSTEM\CurrentControlSet\Control | KeyPath=LocalMachine\SYSTEM\CurrentControlSet\Control, ChangeType=Modified, Details=Change detected in System Control Settings
[2026-01-07 18:40:08.418] [Info] [RegistryWatcher] Modified: LocalMachine\SYSTEM\CurrentControlSet\Control | KeyPath=LocalMachine\SYSTEM\CurrentControlSet\Control, ChangeType=Modified, Details=Change detected in System Control Settings
[2026-01-07 18:40:08.419] [Info] [RegistryWatcher] Modified: LocalMachine\SYSTEM\CurrentControlSet\Control | KeyPath=LocalMachine\SYSTEM\CurrentControlSet\Control, ChangeType=Modified, Details=Change detected in System Control Settings
[2026-01-07 18:40:08.620] [Info] [RegistryWatcher] Modified: LocalMachine\SYSTEM\CurrentControlSet\Services | KeyPath=LocalMachine\SYSTEM\CurrentControlSet\Services, ChangeType=Modified, Details=Change detected in System Services
[2026-01-07 18:40:08.620] [Info] [RegistryWatcher] Modified: LocalMachine\SYSTEM\CurrentControlSet\Services | KeyPath=LocalMachine\SYSTEM\CurrentControlSet\Services, ChangeType=Modified, Details=Change detected in System Services
[2026-01-07 18:40:09.177] [Info] [RegistryWatcher] Modified: LocalMachine\SYSTEM\CurrentControlSet\Services | KeyPath=LocalMachine\SYSTEM\CurrentControlSet\Services, ChangeType=Modified, Details=Change detected in System Services
[2026-01-07 18:40:11.901] [Info] [RegistryWatcher] Modified: LocalMachine\SYSTEM\CurrentControlSet\Control | KeyPath=LocalMachine\SYSTEM\CurrentControlSet\Control, ChangeType=Modified, Details=Change detected in System Control Settings
[2026-01-07 18:40:11.903] [Info] [RegistryWatcher] Modified: LocalMachine\SYSTEM\CurrentControlSet\Control | KeyPath=LocalMachine\SYSTEM\CurrentControlSet\Control, ChangeType=Modified, Details=Change detected in System Control Settings
[2026-01-07 18:40:11.935] [Info] [RegistryWatcher] Modified: LocalMachine\SYSTEM\CurrentControlSet\Control | KeyPath=LocalMachine\SYSTEM\CurrentControlSet\Control, ChangeType=Modified, Details=Change detected in System Control Settings
[2026-01-07 18:40:11.936] [Info] [RegistryWatcher] Modified: LocalMachine\SYSTEM\CurrentControlSet\Control | KeyPath=LocalMachine\SYSTEM\CurrentControlSet\Control, ChangeType=Modified, Details=Change detected in System Control Settings
[2026-01-07 18:40:14.601] [Info] [RegistryWatcher] Modified: LocalMachine\SYSTEM\CurrentControlSet\Services | KeyPath=LocalMachine\SYSTEM\CurrentControlSet\Services, ChangeType=Modified, Details=Change detected in System Services
[2026-01-07 18:40:17.938] [Info] [RegistryWatcher] Modified: LocalMachine\SYSTEM\CurrentControlSet\Services | KeyPath=LocalMachine\SYSTEM\CurrentControlSet\Services, ChangeType=Modified, Details=Change detected in System Services
[2026-01-07 18:40:17.960] [Info] [RegistryWatcher] Modified: LocalMachine\SYSTEM\CurrentControlSet\Control | KeyPath=LocalMachine\SYSTEM\CurrentControlSet\Control, ChangeType=Modified, Details=Change detected in System Control Settings
[2026-01-07 18:40:17.961] [Info] [RegistryWatcher] Modified: LocalMachine\SYSTEM\CurrentControlSet\Control | KeyPath=LocalMachine\SYSTEM\CurrentControlSet\Control, ChangeType=Modified, Details=Change detected in System Control Settings
[2026-01-07 18:40:17.962] [Info] [RegistryWatcher] Modified: LocalMachine\SYSTEM\CurrentControlSet\Control | KeyPath=LocalMachine\SYSTEM\CurrentControlSet\Control, ChangeType=Modified, Details=Change detected in System Control Settings
[2026-01-07 18:40:17.964] [Info] [RegistryWatcher] Modified: LocalMachine\SYSTEM\CurrentControlSet\Control | KeyPath=LocalMachine\SYSTEM\CurrentControlSet\Control, ChangeType=Modified, Details=Change detected in System Control Settings
[2026-01-07 18:40:17.965] [Info] [RegistryWatcher] Modified: LocalMachine\SYSTEM\CurrentControlSet\Control | KeyPath=LocalMachine\SYSTEM\CurrentControlSet\Control, ChangeType=Modified, Details=Change detected in System Control Settings
[2026-01-07 18:40:19.385] [Info] [RegistryWatcher] Modified: LocalMachine\SYSTEM\CurrentControlSet\Services | KeyPath=LocalMachine\SYSTEM\CurrentControlSet\Services, ChangeType=Modified, Details=Change detected in System Services
[2026-01-07 18:40:19.386] [Info] [RegistryWatcher] Modified: LocalMachine\SYSTEM\CurrentControlSet\Control | KeyPath=LocalMachine\SYSTEM\CurrentControlSet\Control, ChangeType=Modified, Details=Change detected in System Control Settings
[2026-01-07 18:40:19.390] [Info] [RegistryWatcher] Modified: LocalMachine\SYSTEM\CurrentControlSet\Control | KeyPath=LocalMachine\SYSTEM\CurrentControlSet\Control, ChangeType=Modified, Details=Change detected in System Control Settings
[2026-01-07 18:40:19.393] [Info] [RegistryWatcher] Modified: LocalMachine\SYSTEM\CurrentControlSet\Control | KeyPath=LocalMachine\SYSTEM\CurrentControlSet\Control, ChangeType=Modified, Details=Change detected in System Control Settings
[2026-01-07 18:40:19.396] [Info] [RegistryWatcher] Modified: LocalMachine\SYSTEM\CurrentControlSet\Control | KeyPath=LocalMachine\SYSTEM\CurrentControlSet\Control, ChangeType=Modified, Details=Change detected in System Control Settings
[2026-01-07 18:40:19.397] [Info] [RegistryWatcher] Modified: LocalMachine\SYSTEM\CurrentControlSet\Control | KeyPath=LocalMachine\SYSTEM\CurrentControlSet\Control, ChangeType=Modified, Details=Change detected in System Control Settings
[2026-01-07 18:40:19.627] [Info] [RegistryWatcher] Modified: LocalMachine\SYSTEM\CurrentControlSet\Services | KeyPath=LocalMachine\SYSTEM\CurrentControlSet\Services, ChangeType=Modified, Details=Change detected in System Services
[2026-01-07 18:40:19.627] [Info] [RegistryWatcher] Modified: LocalMachine\SYSTEM\CurrentControlSet\Services | KeyPath=LocalMachine\SYSTEM\CurrentControlSet\Services, ChangeType=Modified, Details=Change detected in System Services
[2026-01-07 18:40:20.159] [Info] [RegistryWatcher] Modified: LocalMachine\SYSTEM\CurrentControlSet\Services | KeyPath=LocalMachine\SYSTEM\CurrentControlSet\Services, ChangeType=Modified, Details=Change detected in System Services
[2026-01-07 18:40:20.239] [Info] [RegistryWatcher] Modified: LocalMachine\SYSTEM\CurrentControlSet\Services | KeyPath=LocalMachine\SYSTEM\CurrentControlSet\Services, ChangeType=Modified, Details=Change detected in System Services
[2026-01-07 18:40:20.266] [Info] [RegistryWatcher] Modified: LocalMachine\SYSTEM\CurrentControlSet\Services | KeyPath=LocalMachine\SYSTEM\CurrentControlSet\Services, ChangeType=Modified, Details=Change detected in System Services
[2026-01-07 18:40:21.991] [Info] [RegistryWatcher] Modified: LocalMachine\SYSTEM\CurrentControlSet\Control | KeyPath=LocalMachine\SYSTEM\CurrentControlSet\Control, ChangeType=Modified, Details=Change detected in System Control Settings
[2026-01-07 18:40:21.993] [Info] [RegistryWatcher] Modified: LocalMachine\SYSTEM\CurrentControlSet\Control | KeyPath=LocalMachine\SYSTEM\CurrentControlSet\Control, ChangeType=Modified, Details=Change detected in System Control Settings
[2026-01-07 18:40:22.023] [Info] [RegistryWatcher] Modified: LocalMachine\SYSTEM\CurrentControlSet\Control | KeyPath=LocalMachine\SYSTEM\CurrentControlSet\Control, ChangeType=Modified, Details=Change detected in System Control Settings
[2026-01-07 18:40:22.024] [Info] [RegistryWatcher] Modified: LocalMachine\SYSTEM\CurrentControlSet\Control | KeyPath=LocalMachine\SYSTEM\CurrentControlSet\Control, ChangeType=Modified, Details=Change detected in System Control Settings
[2026-01-07 18:40:25.593] [Info] [RegistryWatcher] Modified: LocalMachine\SYSTEM\CurrentControlSet\Services | KeyPath=LocalMachine\SYSTEM\CurrentControlSet\Services, ChangeType=Modified, Details=Change detected in System Services
[2026-01-07 18:40:30.314] [Info] [RegistryWatcher] Modified: LocalMachine\SYSTEM\CurrentControlSet\Services | KeyPath=LocalMachine\SYSTEM\CurrentControlSet\Services, ChangeType=Modified, Details=Change detected in System Services
[2026-01-07 18:40:30.340] [Info] [RegistryWatcher] Modified: LocalMachine\SYSTEM\CurrentControlSet\Control | KeyPath=LocalMachine\SYSTEM\CurrentControlSet\Control, ChangeType=Modified, Details=Change detected in System Control Settings
[2026-01-07 18:40:30.340] [Info] [RegistryWatcher] Modified: LocalMachine\SYSTEM\CurrentControlSet\Control | KeyPath=LocalMachine\SYSTEM\CurrentControlSet\Control, ChangeType=Modified, Details=Change detected in System Control Settings
[2026-01-07 18:40:30.341] [Info] [RegistryWatcher] Modified: LocalMachine\SYSTEM\CurrentControlSet\Control | KeyPath=LocalMachine\SYSTEM\CurrentControlSet\Control, ChangeType=Modified, Details=Change detected in System Control Settings
[2026-01-07 18:40:30.341] [Info] [RegistryWatcher] Modified: LocalMachine\SYSTEM\CurrentControlSet\Control | KeyPath=LocalMachine\SYSTEM\CurrentControlSet\Control, ChangeType=Modified, Details=Change detected in System Control Settings
[2026-01-07 18:40:30.341] [Info] [RegistryWatcher] Modified: LocalMachine\SYSTEM\CurrentControlSet\Control | KeyPath=LocalMachine\SYSTEM\CurrentControlSet\Control, ChangeType=Modified, Details=Change detected in System Control Settings
[2026-01-07 18:40:31.145] [Info] [RegistryWatcher] Modified: LocalMachine\SYSTEM\CurrentControlSet\Services | KeyPath=LocalMachine\SYSTEM\CurrentControlSet\Services, ChangeType=Modified, Details=Change detected in System Services
[2026-01-07 18:40:31.146] [Info] [RegistryWatcher] Modified: LocalMachine\SYSTEM\CurrentControlSet\Control | KeyPath=LocalMachine\SYSTEM\CurrentControlSet\Control, ChangeType=Modified, Details=Change detected in System Control Settings
[2026-01-07 18:40:31.150] [Info] [RegistryWatcher] Modified: LocalMachine\SYSTEM\CurrentControlSet\Control | KeyPath=LocalMachine\SYSTEM\CurrentControlSet\Control, ChangeType=Modified, Details=Change detected in System Control Settings
[2026-01-07 18:40:31.153] [Info] [RegistryWatcher] Modified: LocalMachine\SYSTEM\CurrentControlSet\Control | KeyPath=LocalMachine\SYSTEM\CurrentControlSet\Control, ChangeType=Modified, Details=Change detected in System Control Settings
[2026-01-07 18:40:31.156] [Info] [RegistryWatcher] Modified: LocalMachine\SYSTEM\CurrentControlSet\Control | KeyPath=LocalMachine\SYSTEM\CurrentControlSet\Control, ChangeType=Modified, Details=Change detected in System Control Settings
[2026-01-07 18:40:31.157] [Info] [RegistryWatcher] Modified: LocalMachine\SYSTEM\CurrentControlSet\Control | KeyPath=LocalMachine\SYSTEM\CurrentControlSet\Control, ChangeType=Modified, Details=Change detected in System Control Settings
[2026-01-07 18:40:31.382] [Info] [RegistryWatcher] Modified: LocalMachine\SYSTEM\CurrentControlSet\Services | KeyPath=LocalMachine\SYSTEM\CurrentControlSet\Services, ChangeType=Modified, Details=Change detected in System Services
[2026-01-07 18:40:31.383] [Info] [RegistryWatcher] Modified: LocalMachine\SYSTEM\CurrentControlSet\Services | KeyPath=LocalMachine\SYSTEM\CurrentControlSet\Services, ChangeType=Modified, Details=Change detected in System Services
[2026-01-07 18:40:31.927] [Info] [RegistryWatcher] Modified: LocalMachine\SYSTEM\CurrentControlSet\Services | KeyPath=LocalMachine\SYSTEM\CurrentControlSet\Services, ChangeType=Modified, Details=Change detected in System Services
[2026-01-07 18:40:32.070] [Info] [RegistryWatcher] Modified: LocalMachine\SYSTEM\CurrentControlSet\Control | KeyPath=LocalMachine\SYSTEM\CurrentControlSet\Control, ChangeType=Modified, Details=Change detected in System Control Settings
[2026-01-07 18:40:32.071] [Info] [RegistryWatcher] Modified: LocalMachine\SYSTEM\CurrentControlSet\Control | KeyPath=LocalMachine\SYSTEM\CurrentControlSet\Control, ChangeType=Modified, Details=Change detected in System Control Settings
[2026-01-07 18:40:32.096] [Info] [RegistryWatcher] Modified: LocalMachine\SYSTEM\CurrentControlSet\Control | KeyPath=LocalMachine\SYSTEM\CurrentControlSet\Control, ChangeType=Modified, Details=Change detected in System Control Settings
[2026-01-07 18:40:32.096] [Info] [RegistryWatcher] Modified: LocalMachine\SYSTEM\CurrentControlSet\Control | KeyPath=LocalMachine\SYSTEM\CurrentControlSet\Control, ChangeType=Modified, Details=Change detected in System Control Settings
[2026-01-07 18:40:37.357] [Info] [RegistryWatcher] Modified: LocalMachine\SYSTEM\CurrentControlSet\Services | KeyPath=LocalMachine\SYSTEM\CurrentControlSet\Services, ChangeType=Modified, Details=Change detected in System Services
[2026-01-07 18:40:37.747] [Info] [RegistryWatcher] Modified: LocalMachine\SYSTEM\CurrentControlSet\Services | KeyPath=LocalMachine\SYSTEM\CurrentControlSet\Services, ChangeType=Modified, Details=Change detected in System Services
[2026-01-07 18:40:37.775] [Info] [RegistryWatcher] Modified: LocalMachine\SYSTEM\CurrentControlSet\Control | KeyPath=LocalMachine\SYSTEM\CurrentControlSet\Control, ChangeType=Modified, Details=Change detected in System Control Settings
[2026-01-07 18:40:37.775] [Info] [RegistryWatcher] Modified: LocalMachine\SYSTEM\CurrentControlSet\Control | KeyPath=LocalMachine\SYSTEM\CurrentControlSet\Control, ChangeType=Modified, Details=Change detected in System Control Settings
[2026-01-07 18:40:37.777] [Info] [RegistryWatcher] Modified: LocalMachine\SYSTEM\CurrentControlSet\Control | KeyPath=LocalMachine\SYSTEM\CurrentControlSet\Control, ChangeType=Modified, Details=Change detected in System Control Settings
[2026-01-07 18:40:37.779] [Info] [RegistryWatcher] Modified: LocalMachine\SYSTEM\CurrentControlSet\Control | KeyPath=LocalMachine\SYSTEM\CurrentControlSet\Control, ChangeType=Modified, Details=Change detected in System Control Settings
[2026-01-07 18:40:37.781] [Info] [RegistryWatcher] Modified: LocalMachine\SYSTEM\CurrentControlSet\Control | KeyPath=LocalMachine\SYSTEM\CurrentControlSet\Control, ChangeType=Modified, Details=Change detected in System Control Settings
[2026-01-07 18:40:38.637] [Info] [RegistryWatcher] Modified: LocalMachine\SYSTEM\CurrentControlSet\Services | KeyPath=LocalMachine\SYSTEM\CurrentControlSet\Services, ChangeType=Modified, Details=Change detected in System Services
[2026-01-07 18:40:38.639] [Info] [RegistryWatcher] Modified: LocalMachine\SYSTEM\CurrentControlSet\Control | KeyPath=LocalMachine\SYSTEM\CurrentControlSet\Control, ChangeType=Modified, Details=Change detected in System Control Settings
[2026-01-07 18:40:38.643] [Info] [RegistryWatcher] Modified: LocalMachine\SYSTEM\CurrentControlSet\Control | KeyPath=LocalMachine\SYSTEM\CurrentControlSet\Control, ChangeType=Modified, Details=Change detected in System Control Settings
[2026-01-07 18:40:38.646] [Info] [RegistryWatcher] Modified: LocalMachine\SYSTEM\CurrentControlSet\Control | KeyPath=LocalMachine\SYSTEM\CurrentControlSet\Control, ChangeType=Modified, Details=Change detected in System Control Settings
[2026-01-07 18:40:38.650] [Info] [RegistryWatcher] Modified: LocalMachine\SYSTEM\CurrentControlSet\Control | KeyPath=LocalMachine\SYSTEM\CurrentControlSet\Control, ChangeType=Modified, Details=Change detected in System Control Settings
[2026-01-07 18:40:38.651] [Info] [RegistryWatcher] Modified: LocalMachine\SYSTEM\CurrentControlSet\Control | KeyPath=LocalMachine\SYSTEM\CurrentControlSet\Control, ChangeType=Modified, Details=Change detected in System Control Settings
[2026-01-07 18:40:38.875] [Info] [RegistryWatcher] Modified: LocalMachine\SYSTEM\CurrentControlSet\Services | KeyPath=LocalMachine\SYSTEM\CurrentControlSet\Services, ChangeType=Modified, Details=Change detected in System Services
[2026-01-07 18:40:38.875] [Info] [RegistryWatcher] Modified: LocalMachine\SYSTEM\CurrentControlSet\Services | KeyPath=LocalMachine\SYSTEM\CurrentControlSet\Services, ChangeType=Modified, Details=Change detected in System Services
[2026-01-07 18:40:42.160] [Info] [RegistryWatcher] Modified: LocalMachine\SYSTEM\CurrentControlSet\Control | KeyPath=LocalMachine\SYSTEM\CurrentControlSet\Control, ChangeType=Modified, Details=Change detected in System Control Settings
[2026-01-07 18:40:42.161] [Info] [RegistryWatcher] Modified: LocalMachine\SYSTEM\CurrentControlSet\Control | KeyPath=LocalMachine\SYSTEM\CurrentControlSet\Control, ChangeType=Modified, Details=Change detected in System Control Settings
[2026-01-07 18:40:42.196] [Info] [RegistryWatcher] Modified: LocalMachine\SYSTEM\CurrentControlSet\Control | KeyPath=LocalMachine\SYSTEM\CurrentControlSet\Control, ChangeType=Modified, Details=Change detected in System Control Settings
[2026-01-07 18:40:42.197] [Info] [RegistryWatcher] Modified: LocalMachine\SYSTEM\CurrentControlSet\Control | KeyPath=LocalMachine\SYSTEM\CurrentControlSet\Control, ChangeType=Modified, Details=Change detected in System Control Settings
[2026-01-07 18:40:50.115] [Info] [RegistryWatcher] Modified: LocalMachine\SYSTEM\CurrentControlSet\Services | KeyPath=LocalMachine\SYSTEM\CurrentControlSet\Services, ChangeType=Modified, Details=Change detected in System Services
[2026-01-07 18:40:50.147] [Info] [RegistryWatcher] Modified: LocalMachine\SYSTEM\CurrentControlSet\Services | KeyPath=LocalMachine\SYSTEM\CurrentControlSet\Services, ChangeType=Modified, Details=Change detected in System Services
[2026-01-07 18:40:52.264] [Info] [RegistryWatcher] Modified: LocalMachine\SYSTEM\CurrentControlSet\Control | KeyPath=LocalMachine\SYSTEM\CurrentControlSet\Control, ChangeType=Modified, Details=Change detected in System Control Settings
[2026-01-07 18:40:52.266] [Info] [RegistryWatcher] Modified: LocalMachine\SYSTEM\CurrentControlSet\Control | KeyPath=LocalMachine\SYSTEM\CurrentControlSet\Control, ChangeType=Modified, Details=Change detected in System Control Settings
[2026-01-07 18:40:52.302] [Info] [RegistryWatcher] Modified: LocalMachine\SYSTEM\CurrentControlSet\Control | KeyPath=LocalMachine\SYSTEM\CurrentControlSet\Control, ChangeType=Modified, Details=Change detected in System Control Settings
[2026-01-07 18:40:52.303] [Info] [RegistryWatcher] Modified: LocalMachine\SYSTEM\CurrentControlSet\Control | KeyPath=LocalMachine\SYSTEM\CurrentControlSet\Control, ChangeType=Modified, Details=Change detected in System Control Settings
[2026-01-07 18:41:01.092] [Info] [RegistryWatcher] Modified: LocalMachine\SYSTEM\CurrentControlSet\Services | KeyPath=LocalMachine\SYSTEM\CurrentControlSet\Services, ChangeType=Modified, Details=Change detected in System Services
[2026-01-07 18:41:01.118] [Info] [RegistryWatcher] Modified: LocalMachine\SYSTEM\CurrentControlSet\Control | KeyPath=LocalMachine\SYSTEM\CurrentControlSet\Control, ChangeType=Modified, Details=Change detected in System Control Settings
[2026-01-07 18:41:01.118] [Info] [RegistryWatcher] Modified: LocalMachine\SYSTEM\CurrentControlSet\Control | KeyPath=LocalMachine\SYSTEM\CurrentControlSet\Control, ChangeType=Modified, Details=Change detected in System Control Settings
[2026-01-07 18:41:01.119] [Info] [RegistryWatcher] Modified: LocalMachine\SYSTEM\CurrentControlSet\Control | KeyPath=LocalMachine\SYSTEM\CurrentControlSet\Control, ChangeType=Modified, Details=Change detected in System Control Settings
[2026-01-07 18:41:01.120] [Info] [RegistryWatcher] Modified: LocalMachine\SYSTEM\CurrentControlSet\Control | KeyPath=LocalMachine\SYSTEM\CurrentControlSet\Control, ChangeType=Modified, Details=Change detected in System Control Settings
[2026-01-07 18:41:01.121] [Info] [RegistryWatcher] Modified: LocalMachine\SYSTEM\CurrentControlSet\Control | KeyPath=LocalMachine\SYSTEM\CurrentControlSet\Control, ChangeType=Modified, Details=Change detected in System Control Settings
[2026-01-07 18:41:02.276] [Info] [RegistryWatcher] Modified: LocalMachine\SYSTEM\CurrentControlSet\Control | KeyPath=LocalMachine\SYSTEM\CurrentControlSet\Control, ChangeType=Modified, Details=Change detected in System Control Settings
[2026-01-07 18:41:02.276] [Info] [RegistryWatcher] Modified: LocalMachine\SYSTEM\CurrentControlSet\Services | KeyPath=LocalMachine\SYSTEM\CurrentControlSet\Services, ChangeType=Modified, Details=Change detected in System Services
[2026-01-07 18:41:02.280] [Info] [RegistryWatcher] Modified: LocalMachine\SYSTEM\CurrentControlSet\Control | KeyPath=LocalMachine\SYSTEM\CurrentControlSet\Control, ChangeType=Modified, Details=Change detected in System Control Settings
[2026-01-07 18:41:02.284] [Info] [RegistryWatcher] Modified: LocalMachine\SYSTEM\CurrentControlSet\Control | KeyPath=LocalMachine\SYSTEM\CurrentControlSet\Control, ChangeType=Modified, Details=Change detected in System Control Settings
[2026-01-07 18:41:02.287] [Info] [RegistryWatcher] Modified: LocalMachine\SYSTEM\CurrentControlSet\Control | KeyPath=LocalMachine\SYSTEM\CurrentControlSet\Control, ChangeType=Modified, Details=Change detected in System Control Settings
[2026-01-07 18:41:02.288] [Info] [RegistryWatcher] Modified: LocalMachine\SYSTEM\CurrentControlSet\Control | KeyPath=LocalMachine\SYSTEM\CurrentControlSet\Control, ChangeType=Modified, Details=Change detected in System Control Settings
[2026-01-07 18:41:02.349] [Info] [RegistryWatcher] Modified: LocalMachine\SYSTEM\CurrentControlSet\Control | KeyPath=LocalMachine\SYSTEM\CurrentControlSet\Control, ChangeType=Modified, Details=Change detected in System Control Settings
[2026-01-07 18:41:02.351] [Info] [RegistryWatcher] Modified: LocalMachine\SYSTEM\CurrentControlSet\Control | KeyPath=LocalMachine\SYSTEM\CurrentControlSet\Control, ChangeType=Modified, Details=Change detected in System Control Settings
[2026-01-07 18:41:02.378] [Info] [RegistryWatcher] Modified: LocalMachine\SYSTEM\CurrentControlSet\Control | KeyPath=LocalMachine\SYSTEM\CurrentControlSet\Control, ChangeType=Modified, Details=Change detected in System Control Settings
[2026-01-07 18:41:02.379] [Info] [RegistryWatcher] Modified: LocalMachine\SYSTEM\CurrentControlSet\Control | KeyPath=LocalMachine\SYSTEM\CurrentControlSet\Control, ChangeType=Modified, Details=Change detected in System Control Settings
[2026-01-07 18:41:02.511] [Info] [RegistryWatcher] Modified: LocalMachine\SYSTEM\CurrentControlSet\Services | KeyPath=LocalMachine\SYSTEM\CurrentControlSet\Services, ChangeType=Modified, Details=Change detected in System Services
[2026-01-07 18:41:02.511] [Info] [RegistryWatcher] Modified: LocalMachine\SYSTEM\CurrentControlSet\Services | KeyPath=LocalMachine\SYSTEM\CurrentControlSet\Services, ChangeType=Modified, Details=Change detected in System Services
[2026-01-07 18:41:03.060] [Info] [RegistryWatcher] Modified: LocalMachine\SYSTEM\CurrentControlSet\Services | KeyPath=LocalMachine\SYSTEM\CurrentControlSet\Services, ChangeType=Modified, Details=Change detected in System Services
[2026-01-07 18:41:08.496] [Info] [RegistryWatcher] Modified: LocalMachine\SYSTEM\CurrentControlSet\Services | KeyPath=LocalMachine\SYSTEM\CurrentControlSet\Services, ChangeType=Modified, Details=Change detected in System Services
[2026-01-07 18:41:09.241] [Info] [RegistryWatcher] Modified: LocalMachine\SYSTEM\CurrentControlSet\Services | KeyPath=LocalMachine\SYSTEM\CurrentControlSet\Services, ChangeType=Modified, Details=Change detected in System Services
[2026-01-07 18:41:09.266] [Info] [RegistryWatcher] Modified: LocalMachine\SYSTEM\CurrentControlSet\Control | KeyPath=LocalMachine\SYSTEM\CurrentControlSet\Control, ChangeType=Modified, Details=Change detected in System Control Settings
[2026-01-07 18:41:09.266] [Info] [RegistryWatcher] Modified: LocalMachine\SYSTEM\CurrentControlSet\Control | KeyPath=LocalMachine\SYSTEM\CurrentControlSet\Control, ChangeType=Modified, Details=Change detected in System Control Settings
[2026-01-07 18:41:09.268] [Info] [RegistryWatcher] Modified: LocalMachine\SYSTEM\CurrentControlSet\Control | KeyPath=LocalMachine\SYSTEM\CurrentControlSet\Control, ChangeType=Modified, Details=Change detected in System Control Settings
[2026-01-07 18:41:09.269] [Info] [RegistryWatcher] Modified: LocalMachine\SYSTEM\CurrentControlSet\Control | KeyPath=LocalMachine\SYSTEM\CurrentControlSet\Control, ChangeType=Modified, Details=Change detected in System Control Settings
[2026-01-07 18:41:09.270] [Info] [RegistryWatcher] Modified: LocalMachine\SYSTEM\CurrentControlSet\Control | KeyPath=LocalMachine\SYSTEM\CurrentControlSet\Control, ChangeType=Modified, Details=Change detected in System Control Settings
[2026-01-07 18:41:12.440] [Info] [RegistryWatcher] Modified: LocalMachine\SYSTEM\CurrentControlSet\Control | KeyPath=LocalMachine\SYSTEM\CurrentControlSet\Control, ChangeType=Modified, Details=Change detected in System Control Settings
[2026-01-07 18:41:12.442] [Info] [RegistryWatcher] Modified: LocalMachine\SYSTEM\CurrentControlSet\Control | KeyPath=LocalMachine\SYSTEM\CurrentControlSet\Control, ChangeType=Modified, Details=Change detected in System Control Settings
[2026-01-07 18:41:12.473] [Info] [RegistryWatcher] Modified: LocalMachine\SYSTEM\CurrentControlSet\Control | KeyPath=LocalMachine\SYSTEM\CurrentControlSet\Control, ChangeType=Modified, Details=Change detected in System Control Settings
[2026-01-07 18:41:12.474] [Info] [RegistryWatcher] Modified: LocalMachine\SYSTEM\CurrentControlSet\Control | KeyPath=LocalMachine\SYSTEM\CurrentControlSet\Control, ChangeType=Modified, Details=Change detected in System Control Settings
[2026-01-07 18:41:14.227] [Info] [RegistryWatcher] Modified: LocalMachine\SYSTEM\CurrentControlSet\Services | KeyPath=LocalMachine\SYSTEM\CurrentControlSet\Services, ChangeType=Modified, Details=Change detected in System Services
[2026-01-07 18:41:14.361] [Info] [RegistryWatcher] Modified: LocalMachine\SYSTEM\CurrentControlSet\Services | KeyPath=LocalMachine\SYSTEM\CurrentControlSet\Services, ChangeType=Modified, Details=Change detected in System Services
[2026-01-07 18:41:14.431] [Info] [RegistryWatcher] Modified: LocalMachine\SYSTEM\CurrentControlSet\Services | KeyPath=LocalMachine\SYSTEM\CurrentControlSet\Services, ChangeType=Modified, Details=Change detected in System Services
[2026-01-07 18:41:14.441] [Info] [RegistryWatcher] Modified: LocalMachine\SYSTEM\CurrentControlSet\Services | KeyPath=LocalMachine\SYSTEM\CurrentControlSet\Services, ChangeType=Modified, Details=Change detected in System Services
[2026-01-07 18:41:14.454] [Info] [RegistryWatcher] Modified: LocalMachine\SYSTEM\CurrentControlSet\Services | KeyPath=LocalMachine\SYSTEM\CurrentControlSet\Services, ChangeType=Modified, Details=Change detected in System Services
[2026-01-07 18:41:14.751] [Info] [RegistryWatcher] Modified: LocalMachine\SYSTEM\CurrentControlSet\Services | KeyPath=LocalMachine\SYSTEM\CurrentControlSet\Services, ChangeType=Modified, Details=Change detected in System Services
[2026-01-07 18:41:14.751] [Info] [RegistryWatcher] Modified: LocalMachine\SYSTEM\CurrentControlSet\Services | KeyPath=LocalMachine\SYSTEM\CurrentControlSet\Services, ChangeType=Modified, Details=Change detected in System Services
[2026-01-07 18:41:20.296] [Info] [RegistryWatcher] Modified: LocalMachine\SYSTEM\CurrentControlSet\Services | KeyPath=LocalMachine\SYSTEM\CurrentControlSet\Services, ChangeType=Modified, Details=Change detected in System Services
[2026-01-07 18:41:20.319] [Info] [RegistryWatcher] Modified: LocalMachine\SYSTEM\CurrentControlSet\Services | KeyPath=LocalMachine\SYSTEM\CurrentControlSet\Services, ChangeType=Modified, Details=Change detected in System Services
[2026-01-07 18:41:22.528] [Info] [RegistryWatcher] Modified: LocalMachine\SYSTEM\CurrentControlSet\Control | KeyPath=LocalMachine\SYSTEM\CurrentControlSet\Control, ChangeType=Modified, Details=Change detected in System Control Settings
[2026-01-07 18:41:22.529] [Info] [RegistryWatcher] Modified: LocalMachine\SYSTEM\CurrentControlSet\Control | KeyPath=LocalMachine\SYSTEM\CurrentControlSet\Control, ChangeType=Modified, Details=Change detected in System Control Settings
[2026-01-07 18:41:22.562] [Info] [RegistryWatcher] Modified: LocalMachine\SYSTEM\CurrentControlSet\Control | KeyPath=LocalMachine\SYSTEM\CurrentControlSet\Control, ChangeType=Modified, Details=Change detected in System Control Settings
[2026-01-07 18:41:22.563] [Info] [RegistryWatcher] Modified: LocalMachine\SYSTEM\CurrentControlSet\Control | KeyPath=LocalMachine\SYSTEM\CurrentControlSet\Control, ChangeType=Modified, Details=Change detected in System Control Settings
[2026-01-07 18:41:32.634] [Info] [RegistryWatcher] Modified: LocalMachine\SYSTEM\CurrentControlSet\Control | KeyPath=LocalMachine\SYSTEM\CurrentControlSet\Control, ChangeType=Modified, Details=Change detected in System Control Settings
[2026-01-07 18:41:32.636] [Info] [RegistryWatcher] Modified: LocalMachine\SYSTEM\CurrentControlSet\Control | KeyPath=LocalMachine\SYSTEM\CurrentControlSet\Control, ChangeType=Modified, Details=Change detected in System Control Settings
[2026-01-07 18:41:32.666] [Info] [RegistryWatcher] Modified: LocalMachine\SYSTEM\CurrentControlSet\Control | KeyPath=LocalMachine\SYSTEM\CurrentControlSet\Control, ChangeType=Modified, Details=Change detected in System Control Settings
[2026-01-07 18:41:32.668] [Info] [RegistryWatcher] Modified: LocalMachine\SYSTEM\CurrentControlSet\Control | KeyPath=LocalMachine\SYSTEM\CurrentControlSet\Control, ChangeType=Modified, Details=Change detected in System Control Settings
[2026-01-07 18:41:37.361] [Info] [RegistryMonitor] Stopping Registry monitoring...
[2026-01-07 18:41:37.362] [Info] [RegistryMonitor] Registry monitoring stopped
[2026-01-07 18:43:10.806] [Info] [RegistryMonitor] Starting Registry monitoring...
[2026-01-07 18:43:10.808] [Debug] [RegistryMonitor] Monitoring: System Policies (LocalMachine\SOFTWARE\Microsoft\Windows\CurrentVersion\Policies)
[2026-01-07 18:43:10.808] [Debug] [RegistryMonitor] Monitoring: Windows Group Policies (LocalMachine\SOFTWARE\Policies\Microsoft\Windows)
[2026-01-07 18:43:10.809] [Debug] [RegistryMonitor] Monitoring: System Startup Programs (LocalMachine\SOFTWARE\Microsoft\Windows\CurrentVersion\Run)
[2026-01-07 18:43:10.809] [Debug] [RegistryMonitor] Monitoring: System RunOnce (LocalMachine\SOFTWARE\Microsoft\Windows\CurrentVersion\RunOnce)
[2026-01-07 18:43:10.809] [Debug] [RegistryMonitor] Monitoring: Windows Settings (LocalMachine\SOFTWARE\Microsoft\Windows NT\CurrentVersion\Windows)
[2026-01-07 18:43:10.809] [Debug] [RegistryMonitor] Monitoring: System Services (LocalMachine\SYSTEM\CurrentControlSet\Services)
[2026-01-07 18:43:10.809] [Debug] [RegistryMonitor] Monitoring: System Control Settings (LocalMachine\SYSTEM\CurrentControlSet\Control)
[2026-01-07 18:43:10.809] [Debug] [RegistryMonitor] Monitoring: Session Manager (LocalMachine\SYSTEM\CurrentControlSet\Control\Session Manager)
[2026-01-07 18:43:10.809] [Debug] [RegistryMonitor] Monitoring: Installed Programs (LocalMachine\SOFTWARE\Microsoft\Windows\CurrentVersion\Uninstall)
[2026-01-07 18:43:10.809] [Debug] [RegistryMonitor] Monitoring: Winlogon Settings (LocalMachine\SOFTWARE\Microsoft\Windows NT\CurrentVersion\Winlogon)
[2026-01-07 18:43:10.809] [Debug] [RegistryMonitor] Monitoring: Explorer Settings (LocalMachine\SOFTWARE\Microsoft\Windows\CurrentVersion\Explorer)
[2026-01-07 18:43:10.809] [Debug] [RegistryMonitor] Monitoring: Windows Features (LocalMachine\SOFTWARE\Microsoft\Windows\CurrentVersion\Component Based Servicing)
[2026-01-07 18:43:10.809] [Debug] [RegistryMonitor] Monitoring: Windows Setup State (LocalMachine\SOFTWARE\Microsoft\Windows\CurrentVersion\Setup\State)
[2026-01-07 18:43:10.809] [Debug] [RegistryMonitor] Monitoring: Windows Defender (LocalMachine\SOFTWARE\Microsoft\Windows Defender)
[2026-01-07 18:43:10.809] [Debug] [RegistryMonitor] Monitoring: Local Security Authority (LocalMachine\SYSTEM\CurrentControlSet\Control\Lsa)
[2026-01-07 18:43:10.809] [Debug] [RegistryMonitor] Monitoring: Authentication Settings (LocalMachine\SOFTWARE\Microsoft\Windows\CurrentVersion\Authentication)
[2026-01-07 18:43:10.809] [Debug] [RegistryMonitor] Monitoring: TCP/IP Settings (LocalMachine\SYSTEM\CurrentControlSet\Services\Tcpip\Parameters)
[2026-01-07 18:43:10.809] [Debug] [RegistryMonitor] Monitoring: Network Profiles (LocalMachine\SOFTWARE\Microsoft\Windows NT\CurrentVersion\NetworkList)
[2026-01-07 18:43:10.809] [Debug] [RegistryMonitor] Monitoring: DNS Cache Settings (LocalMachine\SYSTEM\CurrentControlSet\Services\Dnscache\Parameters)
[2026-01-07 18:43:10.809] [Debug] [RegistryMonitor] Monitoring: User Startup Programs (CurrentUser\SOFTWARE\Microsoft\Windows\CurrentVersion\Run)
[2026-01-07 18:43:10.809] [Debug] [RegistryMonitor] Monitoring: User RunOnce (CurrentUser\SOFTWARE\Microsoft\Windows\CurrentVersion\RunOnce)
[2026-01-07 18:43:10.809] [Debug] [RegistryMonitor] Monitoring: User Policies (CurrentUser\SOFTWARE\Microsoft\Windows\CurrentVersion\Policies)
[2026-01-07 18:43:10.809] [Debug] [RegistryMonitor] Monitoring: Explorer Advanced Settings (CurrentUser\SOFTWARE\Microsoft\Windows\CurrentVersion\Explorer\Advanced)
[2026-01-07 18:43:10.809] [Debug] [RegistryMonitor] Monitoring: Desktop Settings (CurrentUser\Control Panel\Desktop)
[2026-01-07 18:43:10.809] [Debug] [RegistryMonitor] Monitoring: Mouse Settings (CurrentUser\Control Panel\Mouse)
[2026-01-07 18:43:10.809] [Debug] [RegistryMonitor] Monitoring: Keyboard Settings (CurrentUser\Control Panel\Keyboard)
[2026-01-07 18:43:10.809] [Debug] [RegistryMonitor] Monitoring: Theme Settings (CurrentUser\SOFTWARE\Microsoft\Windows\CurrentVersion\Themes)
[2026-01-07 18:43:10.809] [Debug] [RegistryMonitor] Monitoring: Internet Settings (CurrentUser\SOFTWARE\Microsoft\Windows\CurrentVersion\Internet Settings)
[2026-01-07 18:43:10.809] [Info] [RegistryMonitor] Registry monitoring started with 28 watchers
[2026-01-07 18:43:11.055] [Info] [RegistryWatcher] Modified: LocalMachine\SYSTEM\CurrentControlSet\Services | KeyPath=LocalMachine\SYSTEM\CurrentControlSet\Services, ChangeType=Modified, Details=Change detected in System Services
[2026-01-07 18:43:11.423] [Info] [RegistryWatcher] Modified: LocalMachine\SYSTEM\CurrentControlSet\Control | KeyPath=LocalMachine\SYSTEM\CurrentControlSet\Control, ChangeType=Modified, Details=Change detected in System Control Settings
[2026-01-07 18:43:11.565] [Info] [RegistryWatcher] Modified: LocalMachine\SYSTEM\CurrentControlSet\Services | KeyPath=LocalMachine\SYSTEM\CurrentControlSet\Services, ChangeType=Modified, Details=Change detected in System Services
[2026-01-07 18:43:11.726] [Info] [RegistryWatcher] Modified: LocalMachine\SYSTEM\CurrentControlSet\Control | KeyPath=LocalMachine\SYSTEM\CurrentControlSet\Control, ChangeType=Modified, Details=Change detected in System Control Settings
[2026-01-07 18:43:11.727] [Info] [RegistryWatcher] Modified: LocalMachine\SYSTEM\CurrentControlSet\Control | KeyPath=LocalMachine\SYSTEM\CurrentControlSet\Control, ChangeType=Modified, Details=Change detected in System Control Settings
[2026-01-07 18:43:11.761] [Info] [RegistryWatcher] Modified: LocalMachine\SYSTEM\CurrentControlSet\Control | KeyPath=LocalMachine\SYSTEM\CurrentControlSet\Control, ChangeType=Modified, Details=Change detected in System Control Settings
[2026-01-07 18:43:11.762] [Info] [RegistryWatcher] Modified: LocalMachine\SYSTEM\CurrentControlSet\Control | KeyPath=LocalMachine\SYSTEM\CurrentControlSet\Control, ChangeType=Modified, Details=Change detected in System Control Settings
[2026-01-07 18:43:13.684] [Info] [RegistryWatcher] Modified: LocalMachine\SYSTEM\CurrentControlSet\Services | KeyPath=LocalMachine\SYSTEM\CurrentControlSet\Services, ChangeType=Modified, Details=Change detected in System Services
[2026-01-07 18:43:20.309] [Info] [RegistryWatcher] Modified: LocalMachine\SYSTEM\CurrentControlSet\Services | KeyPath=LocalMachine\SYSTEM\CurrentControlSet\Services, ChangeType=Modified, Details=Change detected in System Services
[2026-01-07 18:43:20.340] [Info] [RegistryWatcher] Modified: LocalMachine\SYSTEM\CurrentControlSet\Services | KeyPath=LocalMachine\SYSTEM\CurrentControlSet\Services, ChangeType=Modified, Details=Change detected in System Services
[2026-01-07 18:43:21.819] [Info] [RegistryWatcher] Modified: LocalMachine\SYSTEM\CurrentControlSet\Control | KeyPath=LocalMachine\SYSTEM\CurrentControlSet\Control, ChangeType=Modified, Details=Change detected in System Control Settings
[2026-01-07 18:43:21.821] [Info] [RegistryWatcher] Modified: LocalMachine\SYSTEM\CurrentControlSet\Control | KeyPath=LocalMachine\SYSTEM\CurrentControlSet\Control, ChangeType=Modified, Details=Change detected in System Control Settings
[2026-01-07 18:43:21.860] [Info] [RegistryWatcher] Modified: LocalMachine\SYSTEM\CurrentControlSet\Control | KeyPath=LocalMachine\SYSTEM\CurrentControlSet\Control, ChangeType=Modified, Details=Change detected in System Control Settings
[2026-01-07 18:43:21.862] [Info] [RegistryWatcher] Modified: LocalMachine\SYSTEM\CurrentControlSet\Control | KeyPath=LocalMachine\SYSTEM\CurrentControlSet\Control, ChangeType=Modified, Details=Change detected in System Control Settings
[2026-01-07 18:43:31.922] [Info] [RegistryWatcher] Modified: LocalMachine\SYSTEM\CurrentControlSet\Control | KeyPath=LocalMachine\SYSTEM\CurrentControlSet\Control, ChangeType=Modified, Details=Change detected in System Control Settings
[2026-01-07 18:43:31.923] [Info] [RegistryWatcher] Modified: LocalMachine\SYSTEM\CurrentControlSet\Control | KeyPath=LocalMachine\SYSTEM\CurrentControlSet\Control, ChangeType=Modified, Details=Change detected in System Control Settings
[2026-01-07 18:43:31.962] [Info] [RegistryWatcher] Modified: LocalMachine\SYSTEM\CurrentControlSet\Control | KeyPath=LocalMachine\SYSTEM\CurrentControlSet\Control, ChangeType=Modified, Details=Change detected in System Control Settings
[2026-01-07 18:43:31.964] [Info] [RegistryWatcher] Modified: LocalMachine\SYSTEM\CurrentControlSet\Control | KeyPath=LocalMachine\SYSTEM\CurrentControlSet\Control, ChangeType=Modified, Details=Change detected in System Control Settings
[2026-01-07 19:05:19.815] [Info] [RegistryMonitor] Starting Registry monitoring...
[2026-01-07 19:05:19.817] [Debug] [RegistryMonitor] Monitoring: System Policies (LocalMachine\SOFTWARE\Microsoft\Windows\CurrentVersion\Policies)
[2026-01-07 19:05:19.817] [Debug] [RegistryMonitor] Monitoring: Windows Group Policies (LocalMachine\SOFTWARE\Policies\Microsoft\Windows)
[2026-01-07 19:05:19.817] [Debug] [RegistryMonitor] Monitoring: System Startup Programs (LocalMachine\SOFTWARE\Microsoft\Windows\CurrentVersion\Run)
[2026-01-07 19:05:19.817] [Debug] [RegistryMonitor] Monitoring: System RunOnce (LocalMachine\SOFTWARE\Microsoft\Windows\CurrentVersion\RunOnce)
[2026-01-07 19:05:19.817] [Debug] [RegistryMonitor] Monitoring: Windows Settings (LocalMachine\SOFTWARE\Microsoft\Windows NT\CurrentVersion\Windows)
[2026-01-07 19:05:19.817] [Debug] [RegistryMonitor] Monitoring: System Services (LocalMachine\SYSTEM\CurrentControlSet\Services)
[2026-01-07 19:05:19.817] [Debug] [RegistryMonitor] Monitoring: System Control Settings (LocalMachine\SYSTEM\CurrentControlSet\Control)
[2026-01-07 19:05:19.817] [Debug] [RegistryMonitor] Monitoring: Session Manager (LocalMachine\SYSTEM\CurrentControlSet\Control\Session Manager)
[2026-01-07 19:05:19.817] [Debug] [RegistryMonitor] Monitoring: Installed Programs (LocalMachine\SOFTWARE\Microsoft\Windows\CurrentVersion\Uninstall)
[2026-01-07 19:05:19.817] [Debug] [RegistryMonitor] Monitoring: Winlogon Settings (LocalMachine\SOFTWARE\Microsoft\Windows NT\CurrentVersion\Winlogon)
[2026-01-07 19:05:19.817] [Debug] [RegistryMonitor] Monitoring: Explorer Settings (LocalMachine\SOFTWARE\Microsoft\Windows\CurrentVersion\Explorer)
[2026-01-07 19:05:19.817] [Debug] [RegistryMonitor] Monitoring: Windows Features (LocalMachine\SOFTWARE\Microsoft\Windows\CurrentVersion\Component Based Servicing)
[2026-01-07 19:05:19.817] [Debug] [RegistryMonitor] Monitoring: Windows Setup State (LocalMachine\SOFTWARE\Microsoft\Windows\CurrentVersion\Setup\State)
[2026-01-07 19:05:19.817] [Debug] [RegistryMonitor] Monitoring: Windows Defender (LocalMachine\SOFTWARE\Microsoft\Windows Defender)
[2026-01-07 19:05:19.817] [Debug] [RegistryMonitor] Monitoring: Local Security Authority (LocalMachine\SYSTEM\CurrentControlSet\Control\Lsa)
[2026-01-07 19:05:19.817] [Debug] [RegistryMonitor] Monitoring: Authentication Settings (LocalMachine\SOFTWARE\Microsoft\Windows\CurrentVersion\Authentication)
[2026-01-07 19:05:19.817] [Debug] [RegistryMonitor] Monitoring: TCP/IP Settings (LocalMachine\SYSTEM\CurrentControlSet\Services\Tcpip\Parameters)
[2026-01-07 19:05:19.817] [Debug] [RegistryMonitor] Monitoring: Network Profiles (LocalMachine\SOFTWARE\Microsoft\Windows NT\CurrentVersion\NetworkList)
[2026-01-07 19:05:19.817] [Debug] [RegistryMonitor] Monitoring: DNS Cache Settings (LocalMachine\SYSTEM\CurrentControlSet\Services\Dnscache\Parameters)
[2026-01-07 19:05:19.817] [Debug] [RegistryMonitor] Monitoring: User Startup Programs (CurrentUser\SOFTWARE\Microsoft\Windows\CurrentVersion\Run)
[2026-01-07 19:05:19.817] [Debug] [RegistryMonitor] Monitoring: User RunOnce (CurrentUser\SOFTWARE\Microsoft\Windows\CurrentVersion\RunOnce)
[2026-01-07 19:05:19.817] [Debug] [RegistryMonitor] Monitoring: User Policies (CurrentUser\SOFTWARE\Microsoft\Windows\CurrentVersion\Policies)
[2026-01-07 19:05:19.817] [Debug] [RegistryMonitor] Monitoring: Explorer Advanced Settings (CurrentUser\SOFTWARE\Microsoft\Windows\CurrentVersion\Explorer\Advanced)
[2026-01-07 19:05:19.817] [Debug] [RegistryMonitor] Monitoring: Desktop Settings (CurrentUser\Control Panel\Desktop)
[2026-01-07 19:05:19.817] [Debug] [RegistryMonitor] Monitoring: Mouse Settings (CurrentUser\Control Panel\Mouse)
[2026-01-07 19:05:19.817] [Debug] [RegistryMonitor] Monitoring: Keyboard Settings (CurrentUser\Control Panel\Keyboard)
[2026-01-07 19:05:19.817] [Debug] [RegistryMonitor] Monitoring: Theme Settings (CurrentUser\SOFTWARE\Microsoft\Windows\CurrentVersion\Themes)
[2026-01-07 19:05:19.817] [Debug] [RegistryMonitor] Monitoring: Internet Settings (CurrentUser\SOFTWARE\Microsoft\Windows\CurrentVersion\Internet Settings)
[2026-01-07 19:05:19.817] [Info] [RegistryMonitor] Registry monitoring started with 28 watchers
[2026-01-07 19:05:20.624] [Info] [RegistryWatcher] Modified: LocalMachine\SYSTEM\CurrentControlSet\Services | KeyPath=LocalMachine\SYSTEM\CurrentControlSet\Services, ChangeType=Modified, Details=Change detected in System Services
[2026-01-07 19:05:20.654] [Info] [RegistryWatcher] Modified: LocalMachine\SYSTEM\CurrentControlSet\Services | KeyPath=LocalMachine\SYSTEM\CurrentControlSet\Services, ChangeType=Modified, Details=Change detected in System Services
[2026-01-07 19:05:20.683] [Info] [RegistryWatcher] Modified: LocalMachine\SYSTEM\CurrentControlSet\Control | KeyPath=LocalMachine\SYSTEM\CurrentControlSet\Control, ChangeType=Modified, Details=Change detected in System Control Settings
[2026-01-07 19:05:20.684] [Info] [RegistryWatcher] Modified: LocalMachine\SYSTEM\CurrentControlSet\Control | KeyPath=LocalMachine\SYSTEM\CurrentControlSet\Control, ChangeType=Modified, Details=Change detected in System Control Settings
[2026-01-07 19:05:20.720] [Info] [RegistryWatcher] Modified: LocalMachine\SYSTEM\CurrentControlSet\Control | KeyPath=LocalMachine\SYSTEM\CurrentControlSet\Control, ChangeType=Modified, Details=Change detected in System Control Settings
[2026-01-07 19:05:20.721] [Info] [RegistryWatcher] Modified: LocalMachine\SYSTEM\CurrentControlSet\Control | KeyPath=LocalMachine\SYSTEM\CurrentControlSet\Control, ChangeType=Modified, Details=Change detected in System Control Settings
[2026-01-07 19:05:22.659] [Info] [RegistryWatcher] Modified: LocalMachine\SYSTEM\CurrentControlSet\Services | KeyPath=LocalMachine\SYSTEM\CurrentControlSet\Services, ChangeType=Modified, Details=Change detected in System Services
[2026-01-07 19:05:30.774] [Info] [RegistryWatcher] Modified: LocalMachine\SYSTEM\CurrentControlSet\Control | KeyPath=LocalMachine\SYSTEM\CurrentControlSet\Control, ChangeType=Modified, Details=Change detected in System Control Settings
[2026-01-07 19:05:30.776] [Info] [RegistryWatcher] Modified: LocalMachine\SYSTEM\CurrentControlSet\Control | KeyPath=LocalMachine\SYSTEM\CurrentControlSet\Control, ChangeType=Modified, Details=Change detected in System Control Settings
[2026-01-07 19:05:30.807] [Info] [RegistryWatcher] Modified: LocalMachine\SYSTEM\CurrentControlSet\Control | KeyPath=LocalMachine\SYSTEM\CurrentControlSet\Control, ChangeType=Modified, Details=Change detected in System Control Settings
[2026-01-07 19:05:30.808] [Info] [RegistryWatcher] Modified: LocalMachine\SYSTEM\CurrentControlSet\Control | KeyPath=LocalMachine\SYSTEM\CurrentControlSet\Control, ChangeType=Modified, Details=Change detected in System Control Settings
[2026-01-07 19:05:40.859] [Info] [RegistryWatcher] Modified: LocalMachine\SYSTEM\CurrentControlSet\Control | KeyPath=LocalMachine\SYSTEM\CurrentControlSet\Control, ChangeType=Modified, Details=Change detected in System Control Settings
[2026-01-07 19:05:40.861] [Info] [RegistryWatcher] Modified: LocalMachine\SYSTEM\CurrentControlSet\Control | KeyPath=LocalMachine\SYSTEM\CurrentControlSet\Control, ChangeType=Modified, Details=Change detected in System Control Settings
[2026-01-07 19:05:40.888] [Info] [RegistryWatcher] Modified: LocalMachine\SYSTEM\CurrentControlSet\Control | KeyPath=LocalMachine\SYSTEM\CurrentControlSet\Control, ChangeType=Modified, Details=Change detected in System Control Settings
[2026-01-07 19:05:40.889] [Info] [RegistryWatcher] Modified: LocalMachine\SYSTEM\CurrentControlSet\Control | KeyPath=LocalMachine\SYSTEM\CurrentControlSet\Control, ChangeType=Modified, Details=Change detected in System Control Settings
[2026-01-07 19:05:44.109] [Info] [RegistryWatcher] Modified: LocalMachine\SYSTEM\CurrentControlSet\Services | KeyPath=LocalMachine\SYSTEM\CurrentControlSet\Services, ChangeType=Modified, Details=Change detected in System Services
[2026-01-07 19:05:44.110] [Info] [RegistryWatcher] Modified: LocalMachine\SYSTEM\CurrentControlSet\Control | KeyPath=LocalMachine\SYSTEM\CurrentControlSet\Control, ChangeType=Modified, Details=Change detected in System Control Settings
[2026-01-07 19:05:44.114] [Info] [RegistryWatcher] Modified: LocalMachine\SYSTEM\CurrentControlSet\Control | KeyPath=LocalMachine\SYSTEM\CurrentControlSet\Control, ChangeType=Modified, Details=Change detected in System Control Settings
[2026-01-07 19:05:44.117] [Info] [RegistryWatcher] Modified: LocalMachine\SYSTEM\CurrentControlSet\Control | KeyPath=LocalMachine\SYSTEM\CurrentControlSet\Control, ChangeType=Modified, Details=Change detected in System Control Settings
[2026-01-07 19:05:44.119] [Info] [RegistryWatcher] Modified: LocalMachine\SYSTEM\CurrentControlSet\Control | KeyPath=LocalMachine\SYSTEM\CurrentControlSet\Control, ChangeType=Modified, Details=Change detected in System Control Settings
[2026-01-07 19:05:44.120] [Info] [RegistryWatcher] Modified: LocalMachine\SYSTEM\CurrentControlSet\Control | KeyPath=LocalMachine\SYSTEM\CurrentControlSet\Control, ChangeType=Modified, Details=Change detected in System Control Settings
[2026-01-07 19:05:44.377] [Info] [RegistryWatcher] Modified: LocalMachine\SYSTEM\CurrentControlSet\Services | KeyPath=LocalMachine\SYSTEM\CurrentControlSet\Services, ChangeType=Modified, Details=Change detected in System Services
[2026-01-07 19:05:44.377] [Info] [RegistryWatcher] Modified: LocalMachine\SYSTEM\CurrentControlSet\Services | KeyPath=LocalMachine\SYSTEM\CurrentControlSet\Services, ChangeType=Modified, Details=Change detected in System Services
[2026-01-07 19:05:45.055] [Info] [RegistryWatcher] Modified: LocalMachine\SYSTEM\CurrentControlSet\Services | KeyPath=LocalMachine\SYSTEM\CurrentControlSet\Services, ChangeType=Modified, Details=Change detected in System Services
[2026-01-07 19:05:50.311] [Info] [RegistryWatcher] Modified: LocalMachine\SYSTEM\CurrentControlSet\Services | KeyPath=LocalMachine\SYSTEM\CurrentControlSet\Services, ChangeType=Modified, Details=Change detected in System Services
[2026-01-07 19:05:50.340] [Info] [RegistryWatcher] Modified: LocalMachine\SYSTEM\CurrentControlSet\Services | KeyPath=LocalMachine\SYSTEM\CurrentControlSet\Services, ChangeType=Modified, Details=Change detected in System Services
[2026-01-07 19:05:50.406] [Info] [RegistryWatcher] Modified: LocalMachine\SYSTEM\CurrentControlSet\Services | KeyPath=LocalMachine\SYSTEM\CurrentControlSet\Services, ChangeType=Modified, Details=Change detected in System Services
[2026-01-07 19:05:50.942] [Info] [RegistryWatcher] Modified: LocalMachine\SYSTEM\CurrentControlSet\Control | KeyPath=LocalMachine\SYSTEM\CurrentControlSet\Control, ChangeType=Modified, Details=Change detected in System Control Settings
[2026-01-07 19:05:50.943] [Info] [RegistryWatcher] Modified: LocalMachine\SYSTEM\CurrentControlSet\Control | KeyPath=LocalMachine\SYSTEM\CurrentControlSet\Control, ChangeType=Modified, Details=Change detected in System Control Settings
[2026-01-07 19:05:50.972] [Info] [RegistryWatcher] Modified: LocalMachine\SYSTEM\CurrentControlSet\Control | KeyPath=LocalMachine\SYSTEM\CurrentControlSet\Control, ChangeType=Modified, Details=Change detected in System Control Settings
[2026-01-07 19:05:50.973] [Info] [RegistryWatcher] Modified: LocalMachine\SYSTEM\CurrentControlSet\Control | KeyPath=LocalMachine\SYSTEM\CurrentControlSet\Control, ChangeType=Modified, Details=Change detected in System Control Settings
[2026-01-07 19:05:58.041] [Info] [RegistryWatcher] Modified: LocalMachine\SYSTEM\CurrentControlSet\Services | KeyPath=LocalMachine\SYSTEM\CurrentControlSet\Services, ChangeType=Modified, Details=Change detected in System Services
[2026-01-07 19:05:58.066] [Info] [RegistryWatcher] Modified: LocalMachine\SYSTEM\CurrentControlSet\Control | KeyPath=LocalMachine\SYSTEM\CurrentControlSet\Control, ChangeType=Modified, Details=Change detected in System Control Settings
[2026-01-07 19:05:58.067] [Info] [RegistryWatcher] Modified: LocalMachine\SYSTEM\CurrentControlSet\Control | KeyPath=LocalMachine\SYSTEM\CurrentControlSet\Control, ChangeType=Modified, Details=Change detected in System Control Settings
[2026-01-07 19:05:58.068] [Info] [RegistryWatcher] Modified: LocalMachine\SYSTEM\CurrentControlSet\Control | KeyPath=LocalMachine\SYSTEM\CurrentControlSet\Control, ChangeType=Modified, Details=Change detected in System Control Settings
[2026-01-07 19:05:58.070] [Info] [RegistryWatcher] Modified: LocalMachine\SYSTEM\CurrentControlSet\Control | KeyPath=LocalMachine\SYSTEM\CurrentControlSet\Control, ChangeType=Modified, Details=Change detected in System Control Settings
[2026-01-07 19:05:58.071] [Info] [RegistryWatcher] Modified: LocalMachine\SYSTEM\CurrentControlSet\Control | KeyPath=LocalMachine\SYSTEM\CurrentControlSet\Control, ChangeType=Modified, Details=Change detected in System Control Settings
[2026-01-07 19:05:59.021] [Info] [RegistryWatcher] Modified: LocalMachine\SYSTEM\CurrentControlSet\Services | KeyPath=LocalMachine\SYSTEM\CurrentControlSet\Services, ChangeType=Modified, Details=Change detected in System Services
[2026-01-07 19:05:59.023] [Info] [RegistryWatcher] Modified: LocalMachine\SYSTEM\CurrentControlSet\Control | KeyPath=LocalMachine\SYSTEM\CurrentControlSet\Control, ChangeType=Modified, Details=Change detected in System Control Settings
[2026-01-07 19:05:59.026] [Info] [RegistryWatcher] Modified: LocalMachine\SYSTEM\CurrentControlSet\Control | KeyPath=LocalMachine\SYSTEM\CurrentControlSet\Control, ChangeType=Modified, Details=Change detected in System Control Settings
[2026-01-07 19:05:59.030] [Info] [RegistryWatcher] Modified: LocalMachine\SYSTEM\CurrentControlSet\Control | KeyPath=LocalMachine\SYSTEM\CurrentControlSet\Control, ChangeType=Modified, Details=Change detected in System Control Settings
[2026-01-07 19:05:59.033] [Info] [RegistryWatcher] Modified: LocalMachine\SYSTEM\CurrentControlSet\Control | KeyPath=LocalMachine\SYSTEM\CurrentControlSet\Control, ChangeType=Modified, Details=Change detected in System Control Settings
[2026-01-07 19:05:59.034] [Info] [RegistryWatcher] Modified: LocalMachine\SYSTEM\CurrentControlSet\Control | KeyPath=LocalMachine\SYSTEM\CurrentControlSet\Control, ChangeType=Modified, Details=Change detected in System Control Settings
[2026-01-07 19:05:59.294] [Info] [RegistryWatcher] Modified: LocalMachine\SYSTEM\CurrentControlSet\Services | KeyPath=LocalMachine\SYSTEM\CurrentControlSet\Services, ChangeType=Modified, Details=Change detected in System Services
[2026-01-07 19:05:59.294] [Info] [RegistryWatcher] Modified: LocalMachine\SYSTEM\CurrentControlSet\Services | KeyPath=LocalMachine\SYSTEM\CurrentControlSet\Services, ChangeType=Modified, Details=Change detected in System Services
[2026-01-07 19:05:59.950] [Info] [RegistryWatcher] Modified: LocalMachine\SYSTEM\CurrentControlSet\Services | KeyPath=LocalMachine\SYSTEM\CurrentControlSet\Services, ChangeType=Modified, Details=Change detected in System Services
[2026-01-07 19:06:01.028] [Info] [RegistryWatcher] Modified: LocalMachine\SYSTEM\CurrentControlSet\Control | KeyPath=LocalMachine\SYSTEM\CurrentControlSet\Control, ChangeType=Modified, Details=Change detected in System Control Settings
[2026-01-07 19:06:01.029] [Info] [RegistryWatcher] Modified: LocalMachine\SYSTEM\CurrentControlSet\Control | KeyPath=LocalMachine\SYSTEM\CurrentControlSet\Control, ChangeType=Modified, Details=Change detected in System Control Settings
[2026-01-07 19:06:01.059] [Info] [RegistryWatcher] Modified: LocalMachine\SYSTEM\CurrentControlSet\Control | KeyPath=LocalMachine\SYSTEM\CurrentControlSet\Control, ChangeType=Modified, Details=Change detected in System Control Settings
[2026-01-07 19:06:01.060] [Info] [RegistryWatcher] Modified: LocalMachine\SYSTEM\CurrentControlSet\Control | KeyPath=LocalMachine\SYSTEM\CurrentControlSet\Control, ChangeType=Modified, Details=Change detected in System Control Settings
[2026-01-07 19:06:05.300] [Info] [RegistryWatcher] Modified: LocalMachine\SYSTEM\CurrentControlSet\Services | KeyPath=LocalMachine\SYSTEM\CurrentControlSet\Services, ChangeType=Modified, Details=Change detected in System Services
[2026-01-07 19:06:05.960] [Info] [RegistryWatcher] Modified: LocalMachine\SYSTEM\CurrentControlSet\Services | KeyPath=LocalMachine\SYSTEM\CurrentControlSet\Services, ChangeType=Modified, Details=Change detected in System Services
[2026-01-07 19:06:05.984] [Info] [RegistryWatcher] Modified: LocalMachine\SYSTEM\CurrentControlSet\Control | KeyPath=LocalMachine\SYSTEM\CurrentControlSet\Control, ChangeType=Modified, Details=Change detected in System Control Settings
[2026-01-07 19:06:05.985] [Info] [RegistryWatcher] Modified: LocalMachine\SYSTEM\CurrentControlSet\Control | KeyPath=LocalMachine\SYSTEM\CurrentControlSet\Control, ChangeType=Modified, Details=Change detected in System Control Settings
[2026-01-07 19:06:05.985] [Info] [RegistryWatcher] Modified: LocalMachine\SYSTEM\CurrentControlSet\Control | KeyPath=LocalMachine\SYSTEM\CurrentControlSet\Control, ChangeType=Modified, Details=Change detected in System Control Settings
[2026-01-07 19:06:05.986] [Info] [RegistryWatcher] Modified: LocalMachine\SYSTEM\CurrentControlSet\Control | KeyPath=LocalMachine\SYSTEM\CurrentControlSet\Control, ChangeType=Modified, Details=Change detected in System Control Settings
[2026-01-07 19:06:05.986] [Info] [RegistryWatcher] Modified: LocalMachine\SYSTEM\CurrentControlSet\Control | KeyPath=LocalMachine\SYSTEM\CurrentControlSet\Control, ChangeType=Modified, Details=Change detected in System Control Settings
[2026-01-07 19:06:07.137] [Info] [RegistryWatcher] Modified: LocalMachine\SYSTEM\CurrentControlSet\Services | KeyPath=LocalMachine\SYSTEM\CurrentControlSet\Services, ChangeType=Modified, Details=Change detected in System Services
[2026-01-07 19:06:07.137] [Info] [RegistryWatcher] Modified: LocalMachine\SYSTEM\CurrentControlSet\Control | KeyPath=LocalMachine\SYSTEM\CurrentControlSet\Control, ChangeType=Modified, Details=Change detected in System Control Settings
[2026-01-07 19:06:07.140] [Info] [RegistryWatcher] Modified: LocalMachine\SYSTEM\CurrentControlSet\Control | KeyPath=LocalMachine\SYSTEM\CurrentControlSet\Control, ChangeType=Modified, Details=Change detected in System Control Settings
[2026-01-07 19:06:07.143] [Info] [RegistryWatcher] Modified: LocalMachine\SYSTEM\CurrentControlSet\Control | KeyPath=LocalMachine\SYSTEM\CurrentControlSet\Control, ChangeType=Modified, Details=Change detected in System Control Settings
[2026-01-07 19:06:07.146] [Info] [RegistryWatcher] Modified: LocalMachine\SYSTEM\CurrentControlSet\Control | KeyPath=LocalMachine\SYSTEM\CurrentControlSet\Control, ChangeType=Modified, Details=Change detected in System Control Settings
[2026-01-07 19:06:07.147] [Info] [RegistryWatcher] Modified: LocalMachine\SYSTEM\CurrentControlSet\Control | KeyPath=LocalMachine\SYSTEM\CurrentControlSet\Control, ChangeType=Modified, Details=Change detected in System Control Settings
[2026-01-07 19:06:07.363] [Info] [RegistryWatcher] Modified: LocalMachine\SYSTEM\CurrentControlSet\Services | KeyPath=LocalMachine\SYSTEM\CurrentControlSet\Services, ChangeType=Modified, Details=Change detected in System Services
[2026-01-07 19:06:07.363] [Info] [RegistryWatcher] Modified: LocalMachine\SYSTEM\CurrentControlSet\Services | KeyPath=LocalMachine\SYSTEM\CurrentControlSet\Services, ChangeType=Modified, Details=Change detected in System Services
[2026-01-07 19:06:08.063] [Info] [RegistryWatcher] Modified: LocalMachine\SYSTEM\CurrentControlSet\Services | KeyPath=LocalMachine\SYSTEM\CurrentControlSet\Services, ChangeType=Modified, Details=Change detected in System Services
[2026-01-07 19:06:10.201] [Info] [RegistryWatcher] Modified: LocalMachine\SYSTEM\CurrentControlSet\Services | KeyPath=LocalMachine\SYSTEM\CurrentControlSet\Services, ChangeType=Modified, Details=Change detected in System Services
[2026-01-07 19:06:11.109] [Info] [RegistryWatcher] Modified: LocalMachine\SYSTEM\CurrentControlSet\Control | KeyPath=LocalMachine\SYSTEM\CurrentControlSet\Control, ChangeType=Modified, Details=Change detected in System Control Settings
[2026-01-07 19:06:11.110] [Info] [RegistryWatcher] Modified: LocalMachine\SYSTEM\CurrentControlSet\Control | KeyPath=LocalMachine\SYSTEM\CurrentControlSet\Control, ChangeType=Modified, Details=Change detected in System Control Settings
[2026-01-07 19:06:11.141] [Info] [RegistryWatcher] Modified: LocalMachine\SYSTEM\CurrentControlSet\Control | KeyPath=LocalMachine\SYSTEM\CurrentControlSet\Control, ChangeType=Modified, Details=Change detected in System Control Settings
[2026-01-07 19:06:11.142] [Info] [RegistryWatcher] Modified: LocalMachine\SYSTEM\CurrentControlSet\Control | KeyPath=LocalMachine\SYSTEM\CurrentControlSet\Control, ChangeType=Modified, Details=Change detected in System Control Settings
[2026-01-07 19:06:13.400] [Info] [RegistryWatcher] Modified: LocalMachine\SYSTEM\CurrentControlSet\Services | KeyPath=LocalMachine\SYSTEM\CurrentControlSet\Services, ChangeType=Modified, Details=Change detected in System Services
[2026-01-07 19:06:13.798] [Info] [RegistryWatcher] Modified: LocalMachine\SYSTEM\CurrentControlSet\Services | KeyPath=LocalMachine\SYSTEM\CurrentControlSet\Services, ChangeType=Modified, Details=Change detected in System Services
[2026-01-07 19:06:13.823] [Info] [RegistryWatcher] Modified: LocalMachine\SYSTEM\CurrentControlSet\Control | KeyPath=LocalMachine\SYSTEM\CurrentControlSet\Control, ChangeType=Modified, Details=Change detected in System Control Settings
[2026-01-07 19:06:13.824] [Info] [RegistryWatcher] Modified: LocalMachine\SYSTEM\CurrentControlSet\Control | KeyPath=LocalMachine\SYSTEM\CurrentControlSet\Control, ChangeType=Modified, Details=Change detected in System Control Settings
[2026-01-07 19:06:13.824] [Info] [RegistryWatcher] Modified: LocalMachine\SYSTEM\CurrentControlSet\Control | KeyPath=LocalMachine\SYSTEM\CurrentControlSet\Control, ChangeType=Modified, Details=Change detected in System Control Settings
[2026-01-07 19:06:13.824] [Info] [RegistryWatcher] Modified: LocalMachine\SYSTEM\CurrentControlSet\Control | KeyPath=LocalMachine\SYSTEM\CurrentControlSet\Control, ChangeType=Modified, Details=Change detected in System Control Settings
[2026-01-07 19:06:13.825] [Info] [RegistryWatcher] Modified: LocalMachine\SYSTEM\CurrentControlSet\Control | KeyPath=LocalMachine\SYSTEM\CurrentControlSet\Control, ChangeType=Modified, Details=Change detected in System Control Settings
[2026-01-07 19:06:20.634] [Info] [RegistryWatcher] Modified: LocalMachine\SYSTEM\CurrentControlSet\Services | KeyPath=LocalMachine\SYSTEM\CurrentControlSet\Services, ChangeType=Modified, Details=Change detected in System Services
[2026-01-07 19:06:20.665] [Info] [RegistryWatcher] Modified: LocalMachine\SYSTEM\CurrentControlSet\Services | KeyPath=LocalMachine\SYSTEM\CurrentControlSet\Services, ChangeType=Modified, Details=Change detected in System Services
[2026-01-07 19:06:21.203] [Info] [RegistryWatcher] Modified: LocalMachine\SYSTEM\CurrentControlSet\Control | KeyPath=LocalMachine\SYSTEM\CurrentControlSet\Control, ChangeType=Modified, Details=Change detected in System Control Settings
[2026-01-07 19:06:21.204] [Info] [RegistryWatcher] Modified: LocalMachine\SYSTEM\CurrentControlSet\Control | KeyPath=LocalMachine\SYSTEM\CurrentControlSet\Control, ChangeType=Modified, Details=Change detected in System Control Settings
[2026-01-07 19:06:21.236] [Info] [RegistryWatcher] Modified: LocalMachine\SYSTEM\CurrentControlSet\Control | KeyPath=LocalMachine\SYSTEM\CurrentControlSet\Control, ChangeType=Modified, Details=Change detected in System Control Settings
[2026-01-07 19:06:21.237] [Info] [RegistryWatcher] Modified: LocalMachine\SYSTEM\CurrentControlSet\Control | KeyPath=LocalMachine\SYSTEM\CurrentControlSet\Control, ChangeType=Modified, Details=Change detected in System Control Settings
[2026-01-07 19:06:22.489] [Info] [RegistryWatcher] Modified: LocalMachine\SYSTEM\CurrentControlSet\Services | KeyPath=LocalMachine\SYSTEM\CurrentControlSet\Services, ChangeType=Modified, Details=Change detected in System Services
[2026-01-07 19:06:22.489] [Info] [RegistryWatcher] Modified: LocalMachine\SYSTEM\CurrentControlSet\Control | KeyPath=LocalMachine\SYSTEM\CurrentControlSet\Control, ChangeType=Modified, Details=Change detected in System Control Settings
[2026-01-07 19:06:22.492] [Info] [RegistryWatcher] Modified: LocalMachine\SYSTEM\CurrentControlSet\Control | KeyPath=LocalMachine\SYSTEM\CurrentControlSet\Control, ChangeType=Modified, Details=Change detected in System Control Settings
[2026-01-07 19:06:22.495] [Info] [RegistryWatcher] Modified: LocalMachine\SYSTEM\CurrentControlSet\Control | KeyPath=LocalMachine\SYSTEM\CurrentControlSet\Control, ChangeType=Modified, Details=Change detected in System Control Settings
[2026-01-07 19:06:22.498] [Info] [RegistryWatcher] Modified: LocalMachine\SYSTEM\CurrentControlSet\Control | KeyPath=LocalMachine\SYSTEM\CurrentControlSet\Control, ChangeType=Modified, Details=Change detected in System Control Settings
[2026-01-07 19:06:22.499] [Info] [RegistryWatcher] Modified: LocalMachine\SYSTEM\CurrentControlSet\Control | KeyPath=LocalMachine\SYSTEM\CurrentControlSet\Control, ChangeType=Modified, Details=Change detected in System Control Settings
[2026-01-07 19:06:22.743] [Info] [RegistryWatcher] Modified: LocalMachine\SYSTEM\CurrentControlSet\Services | KeyPath=LocalMachine\SYSTEM\CurrentControlSet\Services, ChangeType=Modified, Details=Change detected in System Services
[2026-01-07 19:06:22.743] [Info] [RegistryWatcher] Modified: LocalMachine\SYSTEM\CurrentControlSet\Services | KeyPath=LocalMachine\SYSTEM\CurrentControlSet\Services, ChangeType=Modified, Details=Change detected in System Services
[2026-01-07 19:06:23.399] [Info] [RegistryWatcher] Modified: LocalMachine\SYSTEM\CurrentControlSet\Services | KeyPath=LocalMachine\SYSTEM\CurrentControlSet\Services, ChangeType=Modified, Details=Change detected in System Services
[2026-01-07 19:06:28.752] [Info] [RegistryWatcher] Modified: LocalMachine\SYSTEM\CurrentControlSet\Services | KeyPath=LocalMachine\SYSTEM\CurrentControlSet\Services, ChangeType=Modified, Details=Change detected in System Services
[2026-01-07 19:06:31.281] [Info] [RegistryWatcher] Modified: LocalMachine\SYSTEM\CurrentControlSet\Control | KeyPath=LocalMachine\SYSTEM\CurrentControlSet\Control, ChangeType=Modified, Details=Change detected in System Control Settings
[2026-01-07 19:06:31.283] [Info] [RegistryWatcher] Modified: LocalMachine\SYSTEM\CurrentControlSet\Control | KeyPath=LocalMachine\SYSTEM\CurrentControlSet\Control, ChangeType=Modified, Details=Change detected in System Control Settings
[2026-01-07 19:06:31.312] [Info] [RegistryWatcher] Modified: LocalMachine\SYSTEM\CurrentControlSet\Control | KeyPath=LocalMachine\SYSTEM\CurrentControlSet\Control, ChangeType=Modified, Details=Change detected in System Control Settings
[2026-01-07 19:06:31.313] [Info] [RegistryWatcher] Modified: LocalMachine\SYSTEM\CurrentControlSet\Control | KeyPath=LocalMachine\SYSTEM\CurrentControlSet\Control, ChangeType=Modified, Details=Change detected in System Control Settings
[2026-01-07 19:06:41.367] [Info] [RegistryWatcher] Modified: LocalMachine\SYSTEM\CurrentControlSet\Control | KeyPath=LocalMachine\SYSTEM\CurrentControlSet\Control, ChangeType=Modified, Details=Change detected in System Control Settings
[2026-01-07 19:06:41.369] [Info] [RegistryWatcher] Modified: LocalMachine\SYSTEM\CurrentControlSet\Control | KeyPath=LocalMachine\SYSTEM\CurrentControlSet\Control, ChangeType=Modified, Details=Change detected in System Control Settings
[2026-01-07 19:06:41.407] [Info] [RegistryWatcher] Modified: LocalMachine\SYSTEM\CurrentControlSet\Control | KeyPath=LocalMachine\SYSTEM\CurrentControlSet\Control, ChangeType=Modified, Details=Change detected in System Control Settings
[2026-01-07 19:06:41.408] [Info] [RegistryWatcher] Modified: LocalMachine\SYSTEM\CurrentControlSet\Control | KeyPath=LocalMachine\SYSTEM\CurrentControlSet\Control, ChangeType=Modified, Details=Change detected in System Control Settings
[2026-01-07 19:06:50.328] [Info] [RegistryWatcher] Modified: LocalMachine\SYSTEM\CurrentControlSet\Services | KeyPath=LocalMachine\SYSTEM\CurrentControlSet\Services, ChangeType=Modified, Details=Change detected in System Services
[2026-01-07 19:06:50.361] [Info] [RegistryWatcher] Modified: LocalMachine\SYSTEM\CurrentControlSet\Services | KeyPath=LocalMachine\SYSTEM\CurrentControlSet\Services, ChangeType=Modified, Details=Change detected in System Services
[2026-01-07 19:06:51.458] [Info] [RegistryWatcher] Modified: LocalMachine\SYSTEM\CurrentControlSet\Control | KeyPath=LocalMachine\SYSTEM\CurrentControlSet\Control, ChangeType=Modified, Details=Change detected in System Control Settings
[2026-01-07 19:06:51.460] [Info] [RegistryWatcher] Modified: LocalMachine\SYSTEM\CurrentControlSet\Control | KeyPath=LocalMachine\SYSTEM\CurrentControlSet\Control, ChangeType=Modified, Details=Change detected in System Control Settings
[2026-01-07 19:06:51.496] [Info] [RegistryWatcher] Modified: LocalMachine\SYSTEM\CurrentControlSet\Control | KeyPath=LocalMachine\SYSTEM\CurrentControlSet\Control, ChangeType=Modified, Details=Change detected in System Control Settings
[2026-01-07 19:06:51.498] [Info] [RegistryWatcher] Modified: LocalMachine\SYSTEM\CurrentControlSet\Control | KeyPath=LocalMachine\SYSTEM\CurrentControlSet\Control, ChangeType=Modified, Details=Change detected in System Control Settings
[2026-01-07 19:06:52.277] [Info] [RegistryWatcher] Modified: LocalMachine\SYSTEM\CurrentControlSet\Services | KeyPath=LocalMachine\SYSTEM\CurrentControlSet\Services, ChangeType=Modified, Details=Change detected in System Services
[2026-01-07 19:07:01.563] [Info] [RegistryWatcher] Modified: LocalMachine\SYSTEM\CurrentControlSet\Control | KeyPath=LocalMachine\SYSTEM\CurrentControlSet\Control, ChangeType=Modified, Details=Change detected in System Control Settings
[2026-01-07 19:07:01.565] [Info] [RegistryWatcher] Modified: LocalMachine\SYSTEM\CurrentControlSet\Control | KeyPath=LocalMachine\SYSTEM\CurrentControlSet\Control, ChangeType=Modified, Details=Change detected in System Control Settings
[2026-01-07 19:07:01.597] [Info] [RegistryWatcher] Modified: LocalMachine\SYSTEM\CurrentControlSet\Control | KeyPath=LocalMachine\SYSTEM\CurrentControlSet\Control, ChangeType=Modified, Details=Change detected in System Control Settings
[2026-01-07 19:07:01.598] [Info] [RegistryWatcher] Modified: LocalMachine\SYSTEM\CurrentControlSet\Control | KeyPath=LocalMachine\SYSTEM\CurrentControlSet\Control, ChangeType=Modified, Details=Change detected in System Control Settings
[2026-01-07 19:07:03.573] [Info] [RegistryWatcher] Modified: LocalMachine\SYSTEM\CurrentControlSet\Services | KeyPath=LocalMachine\SYSTEM\CurrentControlSet\Services, ChangeType=Modified, Details=Change detected in System Services
[2026-01-07 19:07:03.610] [Info] [RegistryWatcher] Modified: LocalMachine\SYSTEM\CurrentControlSet\Services | KeyPath=LocalMachine\SYSTEM\CurrentControlSet\Services, ChangeType=Modified, Details=Change detected in System Services
[2026-01-07 19:07:03.610] [Info] [RegistryWatcher] Modified: LocalMachine\SYSTEM\CurrentControlSet\Services | KeyPath=LocalMachine\SYSTEM\CurrentControlSet\Services, ChangeType=Modified, Details=Change detected in System Services
[2026-01-07 19:07:03.615] [Info] [RegistryWatcher] Modified: LocalMachine\SYSTEM\CurrentControlSet\Services | KeyPath=LocalMachine\SYSTEM\CurrentControlSet\Services, ChangeType=Modified, Details=Change detected in System Services
[2026-01-07 19:07:03.631] [Info] [RegistryWatcher] Modified: LocalMachine\SYSTEM\CurrentControlSet\Services | KeyPath=LocalMachine\SYSTEM\CurrentControlSet\Services, ChangeType=Modified, Details=Change detected in System Services
[2026-01-07 19:07:03.666] [Info] [RegistryWatcher] Modified: LocalMachine\SYSTEM\CurrentControlSet\Services | KeyPath=LocalMachine\SYSTEM\CurrentControlSet\Services, ChangeType=Modified, Details=Change detected in System Services
[2026-01-07 19:07:03.666] [Info] [RegistryWatcher] Modified: LocalMachine\SYSTEM\CurrentControlSet\Services | KeyPath=LocalMachine\SYSTEM\CurrentControlSet\Services, ChangeType=Modified, Details=Change detected in System Services
[2026-01-07 19:07:03.671] [Info] [RegistryWatcher] Modified: LocalMachine\SYSTEM\CurrentControlSet\Services | KeyPath=LocalMachine\SYSTEM\CurrentControlSet\Services, ChangeType=Modified, Details=Change detected in System Services
[2026-01-07 19:07:03.672] [Info] [RegistryWatcher] Modified: LocalMachine\SYSTEM\CurrentControlSet\Services | KeyPath=LocalMachine\SYSTEM\CurrentControlSet\Services, ChangeType=Modified, Details=Change detected in System Services
[2026-01-07 19:07:03.706] [Info] [RegistryWatcher] Modified: LocalMachine\SYSTEM\CurrentControlSet\Services | KeyPath=LocalMachine\SYSTEM\CurrentControlSet\Services, ChangeType=Modified, Details=Change detected in System Services
[2026-01-07 19:07:03.706] [Info] [RegistryWatcher] Modified: LocalMachine\SYSTEM\CurrentControlSet\Services | KeyPath=LocalMachine\SYSTEM\CurrentControlSet\Services, ChangeType=Modified, Details=Change detected in System Services
[2026-01-07 19:07:07.835] [Info] [RegistryWatcher] Modified: LocalMachine\SYSTEM\CurrentControlSet\Services | KeyPath=LocalMachine\SYSTEM\CurrentControlSet\Services, ChangeType=Modified, Details=Change detected in System Services
[2026-01-07 19:07:07.848] [Info] [RegistryWatcher] Modified: LocalMachine\SYSTEM\CurrentControlSet\Services | KeyPath=LocalMachine\SYSTEM\CurrentControlSet\Services, ChangeType=Modified, Details=Change detected in System Services
[2026-01-07 19:07:07.878] [Info] [RegistryWatcher] Modified: LocalMachine\SYSTEM\CurrentControlSet\Services | KeyPath=LocalMachine\SYSTEM\CurrentControlSet\Services, ChangeType=Modified, Details=Change detected in System Services
[2026-01-07 19:07:07.917] [Info] [RegistryWatcher] Modified: LocalMachine\SYSTEM\CurrentControlSet\Services | KeyPath=LocalMachine\SYSTEM\CurrentControlSet\Services, ChangeType=Modified, Details=Change detected in System Services
[2026-01-07 19:07:07.917] [Info] [RegistryWatcher] Modified: LocalMachine\SYSTEM\CurrentControlSet\Services | KeyPath=LocalMachine\SYSTEM\CurrentControlSet\Services, ChangeType=Modified, Details=Change detected in System Services
[2026-01-07 19:07:07.924] [Info] [RegistryWatcher] Modified: LocalMachine\SYSTEM\CurrentControlSet\Services | KeyPath=LocalMachine\SYSTEM\CurrentControlSet\Services, ChangeType=Modified, Details=Change detected in System Services
[2026-01-07 19:07:07.934] [Info] [RegistryWatcher] Modified: LocalMachine\SYSTEM\CurrentControlSet\Services | KeyPath=LocalMachine\SYSTEM\CurrentControlSet\Services, ChangeType=Modified, Details=Change detected in System Services
[2026-01-07 19:07:07.975] [Info] [RegistryWatcher] Modified: LocalMachine\SYSTEM\CurrentControlSet\Services | KeyPath=LocalMachine\SYSTEM\CurrentControlSet\Services, ChangeType=Modified, Details=Change detected in System Services
[2026-01-07 19:07:07.975] [Info] [RegistryWatcher] Modified: LocalMachine\SYSTEM\CurrentControlSet\Services | KeyPath=LocalMachine\SYSTEM\CurrentControlSet\Services, ChangeType=Modified, Details=Change detected in System Services
[2026-01-07 19:07:07.985] [Info] [RegistryWatcher] Modified: LocalMachine\SYSTEM\CurrentControlSet\Services | KeyPath=LocalMachine\SYSTEM\CurrentControlSet\Services, ChangeType=Modified, Details=Change detected in System Services
[2026-01-07 19:07:09.984] [Info] [RegistryWatcher] Modified: LocalMachine\SYSTEM\CurrentControlSet\Services | KeyPath=LocalMachine\SYSTEM\CurrentControlSet\Services, ChangeType=Modified, Details=Change detected in System Services
[2026-01-07 19:07:10.022] [Info] [RegistryWatcher] Modified: LocalMachine\SYSTEM\CurrentControlSet\Services | KeyPath=LocalMachine\SYSTEM\CurrentControlSet\Services, ChangeType=Modified, Details=Change detected in System Services
[2026-01-07 19:07:10.022] [Info] [RegistryWatcher] Modified: LocalMachine\SYSTEM\CurrentControlSet\Services | KeyPath=LocalMachine\SYSTEM\CurrentControlSet\Services, ChangeType=Modified, Details=Change detected in System Services
[2026-01-07 19:07:11.653] [Info] [RegistryWatcher] Modified: LocalMachine\SYSTEM\CurrentControlSet\Control | KeyPath=LocalMachine\SYSTEM\CurrentControlSet\Control, ChangeType=Modified, Details=Change detected in System Control Settings
[2026-01-07 19:07:11.654] [Info] [RegistryWatcher] Modified: LocalMachine\SYSTEM\CurrentControlSet\Control | KeyPath=LocalMachine\SYSTEM\CurrentControlSet\Control, ChangeType=Modified, Details=Change detected in System Control Settings
[2026-01-07 19:07:11.688] [Info] [RegistryWatcher] Modified: LocalMachine\SYSTEM\CurrentControlSet\Control | KeyPath=LocalMachine\SYSTEM\CurrentControlSet\Control, ChangeType=Modified, Details=Change detected in System Control Settings
[2026-01-07 19:07:11.689] [Info] [RegistryWatcher] Modified: LocalMachine\SYSTEM\CurrentControlSet\Control | KeyPath=LocalMachine\SYSTEM\CurrentControlSet\Control, ChangeType=Modified, Details=Change detected in System Control Settings
[2026-01-07 19:07:20.572] [Info] [RegistryWatcher] Modified: LocalMachine\SYSTEM\CurrentControlSet\Services | KeyPath=LocalMachine\SYSTEM\CurrentControlSet\Services, ChangeType=Modified, Details=Change detected in System Services
[2026-01-07 19:07:20.573] [Info] [RegistryWatcher] Modified: LocalMachine\SYSTEM\CurrentControlSet\Services | KeyPath=LocalMachine\SYSTEM\CurrentControlSet\Services, ChangeType=Modified, Details=Change detected in System Services
[2026-01-07 19:07:20.576] [Info] [RegistryWatcher] Modified: LocalMachine\SYSTEM\CurrentControlSet\Services | KeyPath=LocalMachine\SYSTEM\CurrentControlSet\Services, ChangeType=Modified, Details=Change detected in System Services
[2026-01-07 19:07:20.576] [Info] [RegistryWatcher] Modified: LocalMachine\SYSTEM\CurrentControlSet\Services | KeyPath=LocalMachine\SYSTEM\CurrentControlSet\Services, ChangeType=Modified, Details=Change detected in System Services
[2026-01-07 19:07:20.592] [Info] [RegistryWatcher] Modified: LocalMachine\SYSTEM\CurrentControlSet\Services | KeyPath=LocalMachine\SYSTEM\CurrentControlSet\Services, ChangeType=Modified, Details=Change detected in System Services
[2026-01-07 19:07:20.593] [Info] [RegistryWatcher] Modified: LocalMachine\SYSTEM\CurrentControlSet\Services | KeyPath=LocalMachine\SYSTEM\CurrentControlSet\Services, ChangeType=Modified, Details=Change detected in System Services
[2026-01-07 19:07:20.597] [Info] [RegistryWatcher] Modified: LocalMachine\SYSTEM\CurrentControlSet\Services | KeyPath=LocalMachine\SYSTEM\CurrentControlSet\Services, ChangeType=Modified, Details=Change detected in System Services
[2026-01-07 19:07:20.645] [Info] [RegistryWatcher] Modified: LocalMachine\SYSTEM\CurrentControlSet\Services | KeyPath=LocalMachine\SYSTEM\CurrentControlSet\Services, ChangeType=Modified, Details=Change detected in System Services
[2026-01-07 19:07:20.673] [Info] [RegistryWatcher] Modified: LocalMachine\SYSTEM\CurrentControlSet\Services | KeyPath=LocalMachine\SYSTEM\CurrentControlSet\Services, ChangeType=Modified, Details=Change detected in System Services
[2026-01-07 19:07:20.711] [Info] [RegistryWatcher] Modified: LocalMachine\SYSTEM\CurrentControlSet\Services | KeyPath=LocalMachine\SYSTEM\CurrentControlSet\Services, ChangeType=Modified, Details=Change detected in System Services
[2026-01-07 19:07:20.712] [Info] [RegistryWatcher] Modified: LocalMachine\SYSTEM\CurrentControlSet\Services | KeyPath=LocalMachine\SYSTEM\CurrentControlSet\Services, ChangeType=Modified, Details=Change detected in System Services
[2026-01-07 19:07:20.712] [Info] [RegistryWatcher] Modified: LocalMachine\SYSTEM\CurrentControlSet\Services | KeyPath=LocalMachine\SYSTEM\CurrentControlSet\Services, ChangeType=Modified, Details=Change detected in System Services
[2026-01-07 19:07:21.743] [Info] [RegistryWatcher] Modified: LocalMachine\SYSTEM\CurrentControlSet\Control | KeyPath=LocalMachine\SYSTEM\CurrentControlSet\Control, ChangeType=Modified, Details=Change detected in System Control Settings
[2026-01-07 19:07:21.744] [Info] [RegistryWatcher] Modified: LocalMachine\SYSTEM\CurrentControlSet\Control | KeyPath=LocalMachine\SYSTEM\CurrentControlSet\Control, ChangeType=Modified, Details=Change detected in System Control Settings
[2026-01-07 19:07:21.773] [Info] [RegistryWatcher] Modified: LocalMachine\SYSTEM\CurrentControlSet\Control | KeyPath=LocalMachine\SYSTEM\CurrentControlSet\Control, ChangeType=Modified, Details=Change detected in System Control Settings
[2026-01-07 19:07:21.774] [Info] [RegistryWatcher] Modified: LocalMachine\SYSTEM\CurrentControlSet\Control | KeyPath=LocalMachine\SYSTEM\CurrentControlSet\Control, ChangeType=Modified, Details=Change detected in System Control Settings
[2026-01-07 19:07:22.142] [Info] [RegistryWatcher] Modified: LocalMachine\SYSTEM\CurrentControlSet\Services | KeyPath=LocalMachine\SYSTEM\CurrentControlSet\Services, ChangeType=Modified, Details=Change detected in System Services
[2026-01-07 19:07:22.157] [Info] [RegistryWatcher] Modified: LocalMachine\SYSTEM\CurrentControlSet\Services | KeyPath=LocalMachine\SYSTEM\CurrentControlSet\Services, ChangeType=Modified, Details=Change detected in System Services
[2026-01-07 19:07:22.170] [Info] [RegistryWatcher] Modified: LocalMachine\SYSTEM\CurrentControlSet\Services | KeyPath=LocalMachine\SYSTEM\CurrentControlSet\Services, ChangeType=Modified, Details=Change detected in System Services
[2026-01-07 19:07:22.196] [Info] [RegistryWatcher] Modified: LocalMachine\SYSTEM\CurrentControlSet\Services | KeyPath=LocalMachine\SYSTEM\CurrentControlSet\Services, ChangeType=Modified, Details=Change detected in System Services
[2026-01-07 19:07:22.196] [Info] [RegistryWatcher] Modified: LocalMachine\SYSTEM\CurrentControlSet\Services | KeyPath=LocalMachine\SYSTEM\CurrentControlSet\Services, ChangeType=Modified, Details=Change detected in System Services
[2026-01-07 19:07:22.196] [Info] [RegistryWatcher] Modified: LocalMachine\SYSTEM\CurrentControlSet\Services | KeyPath=LocalMachine\SYSTEM\CurrentControlSet\Services, ChangeType=Modified, Details=Change detected in System Services
[2026-01-07 19:07:22.196] [Info] [RegistryWatcher] Modified: LocalMachine\SYSTEM\CurrentControlSet\Services | KeyPath=LocalMachine\SYSTEM\CurrentControlSet\Services, ChangeType=Modified, Details=Change detected in System Services
[2026-01-07 19:07:22.998] [Info] [RegistryWatcher] Modified: LocalMachine\SYSTEM\CurrentControlSet\Control | KeyPath=LocalMachine\SYSTEM\CurrentControlSet\Control, ChangeType=Modified, Details=Change detected in System Control Settings
[2026-01-07 19:07:22.999] [Info] [RegistryWatcher] Modified: LocalMachine\SYSTEM\CurrentControlSet\Control | KeyPath=LocalMachine\SYSTEM\CurrentControlSet\Control, ChangeType=Modified, Details=Change detected in System Control Settings
[2026-01-07 19:07:23.032] [Info] [RegistryWatcher] Modified: LocalMachine\SYSTEM\CurrentControlSet\Control | KeyPath=LocalMachine\SYSTEM\CurrentControlSet\Control, ChangeType=Modified, Details=Change detected in System Control Settings
[2026-01-07 19:07:23.033] [Info] [RegistryWatcher] Modified: LocalMachine\SYSTEM\CurrentControlSet\Control | KeyPath=LocalMachine\SYSTEM\CurrentControlSet\Control, ChangeType=Modified, Details=Change detected in System Control Settings
[2026-01-07 19:07:25.131] [Info] [RegistryWatcher] Modified: LocalMachine\SYSTEM\CurrentControlSet\Services | KeyPath=LocalMachine\SYSTEM\CurrentControlSet\Services, ChangeType=Modified, Details=Change detected in System Services
[2026-01-07 19:07:31.823] [Info] [RegistryWatcher] Modified: LocalMachine\SYSTEM\CurrentControlSet\Control | KeyPath=LocalMachine\SYSTEM\CurrentControlSet\Control, ChangeType=Modified, Details=Change detected in System Control Settings
[2026-01-07 19:07:31.824] [Info] [RegistryWatcher] Modified: LocalMachine\SYSTEM\CurrentControlSet\Control | KeyPath=LocalMachine\SYSTEM\CurrentControlSet\Control, ChangeType=Modified, Details=Change detected in System Control Settings
[2026-01-07 19:07:31.850] [Info] [RegistryWatcher] Modified: LocalMachine\SYSTEM\CurrentControlSet\Control | KeyPath=LocalMachine\SYSTEM\CurrentControlSet\Control, ChangeType=Modified, Details=Change detected in System Control Settings
[2026-01-07 19:07:31.852] [Info] [RegistryWatcher] Modified: LocalMachine\SYSTEM\CurrentControlSet\Control | KeyPath=LocalMachine\SYSTEM\CurrentControlSet\Control, ChangeType=Modified, Details=Change detected in System Control Settings
[2026-01-07 19:07:33.090] [Info] [RegistryWatcher] Modified: LocalMachine\SYSTEM\CurrentControlSet\Control | KeyPath=LocalMachine\SYSTEM\CurrentControlSet\Control, ChangeType=Modified, Details=Change detected in System Control Settings
[2026-01-07 19:07:33.092] [Info] [RegistryWatcher] Modified: LocalMachine\SYSTEM\CurrentControlSet\Control | KeyPath=LocalMachine\SYSTEM\CurrentControlSet\Control, ChangeType=Modified, Details=Change detected in System Control Settings
[2026-01-07 19:07:33.124] [Info] [RegistryWatcher] Modified: LocalMachine\SYSTEM\CurrentControlSet\Control | KeyPath=LocalMachine\SYSTEM\CurrentControlSet\Control, ChangeType=Modified, Details=Change detected in System Control Settings
[2026-01-07 19:07:33.125] [Info] [RegistryWatcher] Modified: LocalMachine\SYSTEM\CurrentControlSet\Control | KeyPath=LocalMachine\SYSTEM\CurrentControlSet\Control, ChangeType=Modified, Details=Change detected in System Control Settings
[2026-01-07 19:07:34.400] [Info] [RegistryWatcher] Modified: LocalMachine\SYSTEM\CurrentControlSet\Services | KeyPath=LocalMachine\SYSTEM\CurrentControlSet\Services, ChangeType=Modified, Details=Change detected in System Services
[2026-01-07 19:07:34.400] [Info] [RegistryWatcher] Modified: LocalMachine\SYSTEM\CurrentControlSet\Services\Tcpip\Parameters | KeyPath=LocalMachine\SYSTEM\CurrentControlSet\Services\Tcpip\Parameters, ChangeType=Modified, Details=Change detected in TCP/IP Settings
[2026-01-07 19:07:34.461] [Info] [RegistryWatcher] Modified: LocalMachine\SYSTEM\CurrentControlSet\Control | KeyPath=LocalMachine\SYSTEM\CurrentControlSet\Control, ChangeType=Modified, Details=Change detected in System Control Settings
[2026-01-07 19:07:34.462] [Info] [RegistryWatcher] Modified: LocalMachine\SYSTEM\CurrentControlSet\Control | KeyPath=LocalMachine\SYSTEM\CurrentControlSet\Control, ChangeType=Modified, Details=Change detected in System Control Settings
[2026-01-07 19:07:41.899] [Info] [RegistryWatcher] Modified: LocalMachine\SYSTEM\CurrentControlSet\Control | KeyPath=LocalMachine\SYSTEM\CurrentControlSet\Control, ChangeType=Modified, Details=Change detected in System Control Settings
[2026-01-07 19:07:41.901] [Info] [RegistryWatcher] Modified: LocalMachine\SYSTEM\CurrentControlSet\Control | KeyPath=LocalMachine\SYSTEM\CurrentControlSet\Control, ChangeType=Modified, Details=Change detected in System Control Settings
[2026-01-07 19:07:41.931] [Info] [RegistryWatcher] Modified: LocalMachine\SYSTEM\CurrentControlSet\Control | KeyPath=LocalMachine\SYSTEM\CurrentControlSet\Control, ChangeType=Modified, Details=Change detected in System Control Settings
[2026-01-07 19:07:41.931] [Info] [RegistryWatcher] Modified: LocalMachine\SYSTEM\CurrentControlSet\Control | KeyPath=LocalMachine\SYSTEM\CurrentControlSet\Control, ChangeType=Modified, Details=Change detected in System Control Settings
[2026-01-07 19:07:43.184] [Info] [RegistryWatcher] Modified: LocalMachine\SYSTEM\CurrentControlSet\Control | KeyPath=LocalMachine\SYSTEM\CurrentControlSet\Control, ChangeType=Modified, Details=Change detected in System Control Settings
[2026-01-07 19:07:43.185] [Info] [RegistryWatcher] Modified: LocalMachine\SYSTEM\CurrentControlSet\Control | KeyPath=LocalMachine\SYSTEM\CurrentControlSet\Control, ChangeType=Modified, Details=Change detected in System Control Settings
[2026-01-07 19:07:43.213] [Info] [RegistryWatcher] Modified: LocalMachine\SYSTEM\CurrentControlSet\Control | KeyPath=LocalMachine\SYSTEM\CurrentControlSet\Control, ChangeType=Modified, Details=Change detected in System Control Settings
[2026-01-07 19:07:43.214] [Info] [RegistryWatcher] Modified: LocalMachine\SYSTEM\CurrentControlSet\Control | KeyPath=LocalMachine\SYSTEM\CurrentControlSet\Control, ChangeType=Modified, Details=Change detected in System Control Settings
[2026-01-07 19:07:45.234] [Info] [RegistryWatcher] Modified: LocalMachine\SYSTEM\CurrentControlSet\Control | KeyPath=LocalMachine\SYSTEM\CurrentControlSet\Control, ChangeType=Modified, Details=Change detected in System Control Settings
[2026-01-07 19:07:45.234] [Info] [RegistryWatcher] Modified: LocalMachine\SYSTEM\CurrentControlSet\Control\Session Manager | KeyPath=LocalMachine\SYSTEM\CurrentControlSet\Control\Session Manager, ChangeType=Modified, Details=Change detected in Session Manager
[2026-01-07 19:07:45.620] [Info] [RegistryWatcher] Modified: LocalMachine\SYSTEM\CurrentControlSet\Services | KeyPath=LocalMachine\SYSTEM\CurrentControlSet\Services, ChangeType=Modified, Details=Change detected in System Services
[2026-01-07 19:07:45.649] [Info] [RegistryWatcher] Modified: LocalMachine\SYSTEM\CurrentControlSet\Services | KeyPath=LocalMachine\SYSTEM\CurrentControlSet\Services, ChangeType=Modified, Details=Change detected in System Services
[2026-01-07 19:07:46.243] [Info] [RegistryWatcher] Modified: LocalMachine\SYSTEM\CurrentControlSet\Services | KeyPath=LocalMachine\SYSTEM\CurrentControlSet\Services, ChangeType=Modified, Details=Change detected in System Services
[2026-01-07 19:07:50.345] [Info] [RegistryWatcher] Modified: LocalMachine\SYSTEM\CurrentControlSet\Services | KeyPath=LocalMachine\SYSTEM\CurrentControlSet\Services, ChangeType=Modified, Details=Change detected in System Services
[2026-01-07 19:07:50.373] [Info] [RegistryWatcher] Modified: LocalMachine\SYSTEM\CurrentControlSet\Services | KeyPath=LocalMachine\SYSTEM\CurrentControlSet\Services, ChangeType=Modified, Details=Change detected in System Services
[2026-01-07 19:07:51.104] [Info] [RegistryWatcher] Modified: LocalMachine\SYSTEM\CurrentControlSet\Services | KeyPath=LocalMachine\SYSTEM\CurrentControlSet\Services, ChangeType=Modified, Details=Change detected in System Services
[2026-01-07 19:07:51.130] [Info] [RegistryWatcher] Modified: LocalMachine\SYSTEM\CurrentControlSet\Control | KeyPath=LocalMachine\SYSTEM\CurrentControlSet\Control, ChangeType=Modified, Details=Change detected in System Control Settings
[2026-01-07 19:07:51.131] [Info] [RegistryWatcher] Modified: LocalMachine\SYSTEM\CurrentControlSet\Control | KeyPath=LocalMachine\SYSTEM\CurrentControlSet\Control, ChangeType=Modified, Details=Change detected in System Control Settings
[2026-01-07 19:07:51.131] [Info] [RegistryWatcher] Modified: LocalMachine\SYSTEM\CurrentControlSet\Control | KeyPath=LocalMachine\SYSTEM\CurrentControlSet\Control, ChangeType=Modified, Details=Change detected in System Control Settings
[2026-01-07 19:07:51.131] [Info] [RegistryWatcher] Modified: LocalMachine\SYSTEM\CurrentControlSet\Control | KeyPath=LocalMachine\SYSTEM\CurrentControlSet\Control, ChangeType=Modified, Details=Change detected in System Control Settings
[2026-01-07 19:07:51.131] [Info] [RegistryWatcher] Modified: LocalMachine\SYSTEM\CurrentControlSet\Control | KeyPath=LocalMachine\SYSTEM\CurrentControlSet\Control, ChangeType=Modified, Details=Change detected in System Control Settings
[2026-01-07 19:07:51.580] [Info] [RegistryWatcher] Modified: LocalMachine\SYSTEM\CurrentControlSet\Services | KeyPath=LocalMachine\SYSTEM\CurrentControlSet\Services, ChangeType=Modified, Details=Change detected in System Services
[2026-01-07 19:07:51.982] [Info] [RegistryWatcher] Modified: LocalMachine\SYSTEM\CurrentControlSet\Control | KeyPath=LocalMachine\SYSTEM\CurrentControlSet\Control, ChangeType=Modified, Details=Change detected in System Control Settings
[2026-01-07 19:07:51.984] [Info] [RegistryWatcher] Modified: LocalMachine\SYSTEM\CurrentControlSet\Control | KeyPath=LocalMachine\SYSTEM\CurrentControlSet\Control, ChangeType=Modified, Details=Change detected in System Control Settings
[2026-01-07 19:07:52.012] [Info] [RegistryWatcher] Modified: LocalMachine\SYSTEM\CurrentControlSet\Control | KeyPath=LocalMachine\SYSTEM\CurrentControlSet\Control, ChangeType=Modified, Details=Change detected in System Control Settings
[2026-01-07 19:07:52.013] [Info] [RegistryWatcher] Modified: LocalMachine\SYSTEM\CurrentControlSet\Control | KeyPath=LocalMachine\SYSTEM\CurrentControlSet\Control, ChangeType=Modified, Details=Change detected in System Control Settings
[2026-01-07 19:07:52.027] [Info] [RegistryWatcher] Modified: LocalMachine\SYSTEM\CurrentControlSet\Services | KeyPath=LocalMachine\SYSTEM\CurrentControlSet\Services, ChangeType=Modified, Details=Change detected in System Services
[2026-01-07 19:07:52.849] [Info] [RegistryWatcher] Modified: LocalMachine\SYSTEM\CurrentControlSet\Services | KeyPath=LocalMachine\SYSTEM\CurrentControlSet\Services, ChangeType=Modified, Details=Change detected in System Services
[2026-01-07 19:07:52.859] [Info] [RegistryWatcher] Modified: LocalMachine\SYSTEM\CurrentControlSet\Services | KeyPath=LocalMachine\SYSTEM\CurrentControlSet\Services, ChangeType=Modified, Details=Change detected in System Services
[2026-01-07 19:07:52.883] [Info] [RegistryWatcher] Modified: LocalMachine\SYSTEM\CurrentControlSet\Services | KeyPath=LocalMachine\SYSTEM\CurrentControlSet\Services, ChangeType=Modified, Details=Change detected in System Services
[2026-01-07 19:07:52.883] [Info] [RegistryWatcher] Modified: LocalMachine\SYSTEM\CurrentControlSet\Services | KeyPath=LocalMachine\SYSTEM\CurrentControlSet\Services, ChangeType=Modified, Details=Change detected in System Services
[2026-01-07 19:07:52.883] [Info] [RegistryWatcher] Modified: LocalMachine\SYSTEM\CurrentControlSet\Services | KeyPath=LocalMachine\SYSTEM\CurrentControlSet\Services, ChangeType=Modified, Details=Change detected in System Services
[2026-01-07 19:07:52.883] [Info] [RegistryWatcher] Modified: LocalMachine\SYSTEM\CurrentControlSet\Services | KeyPath=LocalMachine\SYSTEM\CurrentControlSet\Services, ChangeType=Modified, Details=Change detected in System Services
[2026-01-07 19:07:52.945] [Info] [RegistryWatcher] Modified: LocalMachine\SYSTEM\CurrentControlSet\Services | KeyPath=LocalMachine\SYSTEM\CurrentControlSet\Services, ChangeType=Modified, Details=Change detected in System Services
[2026-01-07 19:07:52.947] [Info] [RegistryWatcher] Modified: LocalMachine\SYSTEM\CurrentControlSet\Services | KeyPath=LocalMachine\SYSTEM\CurrentControlSet\Services, ChangeType=Modified, Details=Change detected in System Services
[2026-01-07 19:07:53.272] [Info] [RegistryWatcher] Modified: LocalMachine\SYSTEM\CurrentControlSet\Control | KeyPath=LocalMachine\SYSTEM\CurrentControlSet\Control, ChangeType=Modified, Details=Change detected in System Control Settings
[2026-01-07 19:07:53.273] [Info] [RegistryWatcher] Modified: LocalMachine\SYSTEM\CurrentControlSet\Control | KeyPath=LocalMachine\SYSTEM\CurrentControlSet\Control, ChangeType=Modified, Details=Change detected in System Control Settings
[2026-01-07 19:07:53.306] [Info] [RegistryWatcher] Modified: LocalMachine\SYSTEM\CurrentControlSet\Control | KeyPath=LocalMachine\SYSTEM\CurrentControlSet\Control, ChangeType=Modified, Details=Change detected in System Control Settings
[2026-01-07 19:07:53.307] [Info] [RegistryWatcher] Modified: LocalMachine\SYSTEM\CurrentControlSet\Control | KeyPath=LocalMachine\SYSTEM\CurrentControlSet\Control, ChangeType=Modified, Details=Change detected in System Control Settings
[2026-01-07 19:07:54.510] [Info] [RegistryWatcher] Modified: LocalMachine\SYSTEM\CurrentControlSet\Services | KeyPath=LocalMachine\SYSTEM\CurrentControlSet\Services, ChangeType=Modified, Details=Change detected in System Services
[2026-01-07 19:07:54.513] [Info] [RegistryWatcher] Modified: LocalMachine\SYSTEM\CurrentControlSet\Control | KeyPath=LocalMachine\SYSTEM\CurrentControlSet\Control, ChangeType=Modified, Details=Change detected in System Control Settings
[2026-01-07 19:07:54.516] [Info] [RegistryWatcher] Modified: LocalMachine\SYSTEM\CurrentControlSet\Control | KeyPath=LocalMachine\SYSTEM\CurrentControlSet\Control, ChangeType=Modified, Details=Change detected in System Control Settings
[2026-01-07 19:07:54.519] [Info] [RegistryWatcher] Modified: LocalMachine\SYSTEM\CurrentControlSet\Control | KeyPath=LocalMachine\SYSTEM\CurrentControlSet\Control, ChangeType=Modified, Details=Change detected in System Control Settings
[2026-01-07 19:07:54.523] [Info] [RegistryWatcher] Modified: LocalMachine\SYSTEM\CurrentControlSet\Control | KeyPath=LocalMachine\SYSTEM\CurrentControlSet\Control, ChangeType=Modified, Details=Change detected in System Control Settings
[2026-01-07 19:07:54.524] [Info] [RegistryWatcher] Modified: LocalMachine\SYSTEM\CurrentControlSet\Control | KeyPath=LocalMachine\SYSTEM\CurrentControlSet\Control, ChangeType=Modified, Details=Change detected in System Control Settings
[2026-01-07 19:07:54.822] [Info] [RegistryWatcher] Modified: LocalMachine\SYSTEM\CurrentControlSet\Services | KeyPath=LocalMachine\SYSTEM\CurrentControlSet\Services, ChangeType=Modified, Details=Change detected in System Services
[2026-01-07 19:07:54.822] [Info] [RegistryWatcher] Modified: LocalMachine\SYSTEM\CurrentControlSet\Services | KeyPath=LocalMachine\SYSTEM\CurrentControlSet\Services, ChangeType=Modified, Details=Change detected in System Services
[2026-01-07 19:07:55.428] [Info] [RegistryWatcher] Modified: LocalMachine\SYSTEM\CurrentControlSet\Services | KeyPath=LocalMachine\SYSTEM\CurrentControlSet\Services, ChangeType=Modified, Details=Change detected in System Services
[2026-01-07 19:07:55.640] [Info] [RegistryWatcher] Modified: LocalMachine\SOFTWARE\Microsoft\Windows Defender | KeyPath=LocalMachine\SOFTWARE\Microsoft\Windows Defender, ChangeType=Modified, Details=Change detected in Windows Defender
[2026-01-07 19:07:55.644] [Info] [RegistryWatcher] Modified: LocalMachine\SOFTWARE\Microsoft\Windows Defender | KeyPath=LocalMachine\SOFTWARE\Microsoft\Windows Defender, ChangeType=Modified, Details=Change detected in Windows Defender
[2026-01-07 19:07:58.635] [Info] [RegistryWatcher] Modified: LocalMachine\SYSTEM\CurrentControlSet\Services | KeyPath=LocalMachine\SYSTEM\CurrentControlSet\Services, ChangeType=Modified, Details=Change detected in System Services
[2026-01-07 19:07:58.636] [Info] [RegistryWatcher] Modified: LocalMachine\SYSTEM\CurrentControlSet\Services | KeyPath=LocalMachine\SYSTEM\CurrentControlSet\Services, ChangeType=Modified, Details=Change detected in System Services
[2026-01-07 19:07:58.636] [Info] [RegistryWatcher] Modified: LocalMachine\SYSTEM\CurrentControlSet\Services | KeyPath=LocalMachine\SYSTEM\CurrentControlSet\Services, ChangeType=Modified, Details=Change detected in System Services
[2026-01-07 19:07:58.636] [Info] [RegistryWatcher] Modified: LocalMachine\SYSTEM\CurrentControlSet\Services | KeyPath=LocalMachine\SYSTEM\CurrentControlSet\Services, ChangeType=Modified, Details=Change detected in System Services
[2026-01-07 19:08:00.791] [Info] [RegistryWatcher] Modified: LocalMachine\SYSTEM\CurrentControlSet\Services | KeyPath=LocalMachine\SYSTEM\CurrentControlSet\Services, ChangeType=Modified, Details=Change detected in System Services
[2026-01-07 19:08:02.068] [Info] [RegistryWatcher] Modified: LocalMachine\SYSTEM\CurrentControlSet\Control | KeyPath=LocalMachine\SYSTEM\CurrentControlSet\Control, ChangeType=Modified, Details=Change detected in System Control Settings
[2026-01-07 19:08:02.070] [Info] [RegistryWatcher] Modified: LocalMachine\SYSTEM\CurrentControlSet\Control | KeyPath=LocalMachine\SYSTEM\CurrentControlSet\Control, ChangeType=Modified, Details=Change detected in System Control Settings
[2026-01-07 19:08:02.098] [Info] [RegistryWatcher] Modified: LocalMachine\SYSTEM\CurrentControlSet\Control | KeyPath=LocalMachine\SYSTEM\CurrentControlSet\Control, ChangeType=Modified, Details=Change detected in System Control Settings
[2026-01-07 19:08:02.099] [Info] [RegistryWatcher] Modified: LocalMachine\SYSTEM\CurrentControlSet\Control | KeyPath=LocalMachine\SYSTEM\CurrentControlSet\Control, ChangeType=Modified, Details=Change detected in System Control Settings
[2026-01-07 19:08:02.953] [Info] [RegistryWatcher] Modified: LocalMachine\SYSTEM\CurrentControlSet\Control | KeyPath=LocalMachine\SYSTEM\CurrentControlSet\Control, ChangeType=Modified, Details=Change detected in System Control Settings
[2026-01-07 19:08:03.361] [Info] [RegistryWatcher] Modified: LocalMachine\SYSTEM\CurrentControlSet\Control | KeyPath=LocalMachine\SYSTEM\CurrentControlSet\Control, ChangeType=Modified, Details=Change detected in System Control Settings
[2026-01-07 19:08:03.362] [Info] [RegistryWatcher] Modified: LocalMachine\SYSTEM\CurrentControlSet\Control | KeyPath=LocalMachine\SYSTEM\CurrentControlSet\Control, ChangeType=Modified, Details=Change detected in System Control Settings
[2026-01-07 19:08:03.390] [Info] [RegistryWatcher] Modified: LocalMachine\SYSTEM\CurrentControlSet\Control | KeyPath=LocalMachine\SYSTEM\CurrentControlSet\Control, ChangeType=Modified, Details=Change detected in System Control Settings
[2026-01-07 19:08:03.391] [Info] [RegistryWatcher] Modified: LocalMachine\SYSTEM\CurrentControlSet\Control | KeyPath=LocalMachine\SYSTEM\CurrentControlSet\Control, ChangeType=Modified, Details=Change detected in System Control Settings
[2026-01-07 19:08:12.146] [Info] [RegistryWatcher] Modified: LocalMachine\SYSTEM\CurrentControlSet\Control | KeyPath=LocalMachine\SYSTEM\CurrentControlSet\Control, ChangeType=Modified, Details=Change detected in System Control Settings
[2026-01-07 19:08:12.148] [Info] [RegistryWatcher] Modified: LocalMachine\SYSTEM\CurrentControlSet\Control | KeyPath=LocalMachine\SYSTEM\CurrentControlSet\Control, ChangeType=Modified, Details=Change detected in System Control Settings
[2026-01-07 19:08:12.178] [Info] [RegistryWatcher] Modified: LocalMachine\SYSTEM\CurrentControlSet\Control | KeyPath=LocalMachine\SYSTEM\CurrentControlSet\Control, ChangeType=Modified, Details=Change detected in System Control Settings
[2026-01-07 19:08:12.179] [Info] [RegistryWatcher] Modified: LocalMachine\SYSTEM\CurrentControlSet\Control | KeyPath=LocalMachine\SYSTEM\CurrentControlSet\Control, ChangeType=Modified, Details=Change detected in System Control Settings
[2026-01-07 19:08:13.448] [Info] [RegistryWatcher] Modified: LocalMachine\SYSTEM\CurrentControlSet\Control | KeyPath=LocalMachine\SYSTEM\CurrentControlSet\Control, ChangeType=Modified, Details=Change detected in System Control Settings
[2026-01-07 19:08:13.450] [Info] [RegistryWatcher] Modified: LocalMachine\SYSTEM\CurrentControlSet\Control | KeyPath=LocalMachine\SYSTEM\CurrentControlSet\Control, ChangeType=Modified, Details=Change detected in System Control Settings
[2026-01-07 19:08:13.477] [Info] [RegistryWatcher] Modified: LocalMachine\SYSTEM\CurrentControlSet\Control | KeyPath=LocalMachine\SYSTEM\CurrentControlSet\Control, ChangeType=Modified, Details=Change detected in System Control Settings
[2026-01-07 19:08:13.478] [Info] [RegistryWatcher] Modified: LocalMachine\SYSTEM\CurrentControlSet\Control | KeyPath=LocalMachine\SYSTEM\CurrentControlSet\Control, ChangeType=Modified, Details=Change detected in System Control Settings
[2026-01-07 19:08:20.658] [Info] [RegistryWatcher] Modified: LocalMachine\SYSTEM\CurrentControlSet\Services | KeyPath=LocalMachine\SYSTEM\CurrentControlSet\Services, ChangeType=Modified, Details=Change detected in System Services
[2026-01-07 19:08:20.687] [Info] [RegistryWatcher] Modified: LocalMachine\SYSTEM\CurrentControlSet\Services | KeyPath=LocalMachine\SYSTEM\CurrentControlSet\Services, ChangeType=Modified, Details=Change detected in System Services
[2026-01-07 19:08:22.234] [Info] [RegistryWatcher] Modified: LocalMachine\SYSTEM\CurrentControlSet\Control | KeyPath=LocalMachine\SYSTEM\CurrentControlSet\Control, ChangeType=Modified, Details=Change detected in System Control Settings
[2026-01-07 19:08:22.235] [Info] [RegistryWatcher] Modified: LocalMachine\SYSTEM\CurrentControlSet\Control | KeyPath=LocalMachine\SYSTEM\CurrentControlSet\Control, ChangeType=Modified, Details=Change detected in System Control Settings
[2026-01-07 19:08:22.265] [Info] [RegistryWatcher] Modified: LocalMachine\SYSTEM\CurrentControlSet\Control | KeyPath=LocalMachine\SYSTEM\CurrentControlSet\Control, ChangeType=Modified, Details=Change detected in System Control Settings
[2026-01-07 19:08:22.267] [Info] [RegistryWatcher] Modified: LocalMachine\SYSTEM\CurrentControlSet\Control | KeyPath=LocalMachine\SYSTEM\CurrentControlSet\Control, ChangeType=Modified, Details=Change detected in System Control Settings
[2026-01-07 19:08:23.524] [Info] [RegistryWatcher] Modified: LocalMachine\SYSTEM\CurrentControlSet\Control | KeyPath=LocalMachine\SYSTEM\CurrentControlSet\Control, ChangeType=Modified, Details=Change detected in System Control Settings
[2026-01-07 19:08:23.525] [Info] [RegistryWatcher] Modified: LocalMachine\SYSTEM\CurrentControlSet\Control | KeyPath=LocalMachine\SYSTEM\CurrentControlSet\Control, ChangeType=Modified, Details=Change detected in System Control Settings
[2026-01-07 19:08:23.556] [Info] [RegistryWatcher] Modified: LocalMachine\SYSTEM\CurrentControlSet\Control | KeyPath=LocalMachine\SYSTEM\CurrentControlSet\Control, ChangeType=Modified, Details=Change detected in System Control Settings
[2026-01-07 19:08:23.557] [Info] [RegistryWatcher] Modified: LocalMachine\SYSTEM\CurrentControlSet\Control | KeyPath=LocalMachine\SYSTEM\CurrentControlSet\Control, ChangeType=Modified, Details=Change detected in System Control Settings
[2026-01-07 19:08:29.619] [Info] [RegistryWatcher] Modified: LocalMachine\SYSTEM\CurrentControlSet\Services | KeyPath=LocalMachine\SYSTEM\CurrentControlSet\Services, ChangeType=Modified, Details=Change detected in System Services
[2026-01-07 19:08:29.646] [Info] [RegistryWatcher] Modified: LocalMachine\SYSTEM\CurrentControlSet\Services | KeyPath=LocalMachine\SYSTEM\CurrentControlSet\Services, ChangeType=Modified, Details=Change detected in System Services
[2026-01-07 19:08:32.305] [Info] [RegistryWatcher] Modified: LocalMachine\SYSTEM\CurrentControlSet\Control | KeyPath=LocalMachine\SYSTEM\CurrentControlSet\Control, ChangeType=Modified, Details=Change detected in System Control Settings
[2026-01-07 19:08:32.307] [Info] [RegistryWatcher] Modified: LocalMachine\SYSTEM\CurrentControlSet\Control | KeyPath=LocalMachine\SYSTEM\CurrentControlSet\Control, ChangeType=Modified, Details=Change detected in System Control Settings
[2026-01-07 19:08:32.336] [Info] [RegistryWatcher] Modified: LocalMachine\SYSTEM\CurrentControlSet\Control | KeyPath=LocalMachine\SYSTEM\CurrentControlSet\Control, ChangeType=Modified, Details=Change detected in System Control Settings
[2026-01-07 19:08:32.337] [Info] [RegistryWatcher] Modified: LocalMachine\SYSTEM\CurrentControlSet\Control | KeyPath=LocalMachine\SYSTEM\CurrentControlSet\Control, ChangeType=Modified, Details=Change detected in System Control Settings
[2026-01-07 19:08:33.598] [Info] [RegistryWatcher] Modified: LocalMachine\SYSTEM\CurrentControlSet\Control | KeyPath=LocalMachine\SYSTEM\CurrentControlSet\Control, ChangeType=Modified, Details=Change detected in System Control Settings
[2026-01-07 19:08:33.600] [Info] [RegistryWatcher] Modified: LocalMachine\SYSTEM\CurrentControlSet\Control | KeyPath=LocalMachine\SYSTEM\CurrentControlSet\Control, ChangeType=Modified, Details=Change detected in System Control Settings
[2026-01-07 19:08:33.627] [Info] [RegistryWatcher] Modified: LocalMachine\SYSTEM\CurrentControlSet\Control | KeyPath=LocalMachine\SYSTEM\CurrentControlSet\Control, ChangeType=Modified, Details=Change detected in System Control Settings
[2026-01-07 19:08:33.628] [Info] [RegistryWatcher] Modified: LocalMachine\SYSTEM\CurrentControlSet\Control | KeyPath=LocalMachine\SYSTEM\CurrentControlSet\Control, ChangeType=Modified, Details=Change detected in System Control Settings
[2026-01-07 19:08:42.389] [Info] [RegistryWatcher] Modified: LocalMachine\SYSTEM\CurrentControlSet\Control | KeyPath=LocalMachine\SYSTEM\CurrentControlSet\Control, ChangeType=Modified, Details=Change detected in System Control Settings
[2026-01-07 19:08:42.391] [Info] [RegistryWatcher] Modified: LocalMachine\SYSTEM\CurrentControlSet\Control | KeyPath=LocalMachine\SYSTEM\CurrentControlSet\Control, ChangeType=Modified, Details=Change detected in System Control Settings
[2026-01-07 19:08:42.421] [Info] [RegistryWatcher] Modified: LocalMachine\SYSTEM\CurrentControlSet\Control | KeyPath=LocalMachine\SYSTEM\CurrentControlSet\Control, ChangeType=Modified, Details=Change detected in System Control Settings
[2026-01-07 19:08:42.422] [Info] [RegistryWatcher] Modified: LocalMachine\SYSTEM\CurrentControlSet\Control | KeyPath=LocalMachine\SYSTEM\CurrentControlSet\Control, ChangeType=Modified, Details=Change detected in System Control Settings
[2026-01-07 19:08:43.681] [Info] [RegistryWatcher] Modified: LocalMachine\SYSTEM\CurrentControlSet\Control | KeyPath=LocalMachine\SYSTEM\CurrentControlSet\Control, ChangeType=Modified, Details=Change detected in System Control Settings
[2026-01-07 19:08:43.682] [Info] [RegistryWatcher] Modified: LocalMachine\SYSTEM\CurrentControlSet\Control | KeyPath=LocalMachine\SYSTEM\CurrentControlSet\Control, ChangeType=Modified, Details=Change detected in System Control Settings
[2026-01-07 19:08:43.710] [Info] [RegistryWatcher] Modified: LocalMachine\SYSTEM\CurrentControlSet\Control | KeyPath=LocalMachine\SYSTEM\CurrentControlSet\Control, ChangeType=Modified, Details=Change detected in System Control Settings
[2026-01-07 19:08:43.712] [Info] [RegistryWatcher] Modified: LocalMachine\SYSTEM\CurrentControlSet\Control | KeyPath=LocalMachine\SYSTEM\CurrentControlSet\Control, ChangeType=Modified, Details=Change detected in System Control Settings
[2026-01-07 19:08:49.012] [Info] [RegistryWatcher] Modified: LocalMachine\SYSTEM\CurrentControlSet\Services | KeyPath=LocalMachine\SYSTEM\CurrentControlSet\Services, ChangeType=Modified, Details=Change detected in System Services
[2026-01-07 19:08:49.032] [Info] [RegistryWatcher] Modified: LocalMachine\SYSTEM\CurrentControlSet\Control | KeyPath=LocalMachine\SYSTEM\CurrentControlSet\Control, ChangeType=Modified, Details=Change detected in System Control Settings
[2026-01-07 19:08:49.033] [Info] [RegistryWatcher] Modified: LocalMachine\SYSTEM\CurrentControlSet\Control | KeyPath=LocalMachine\SYSTEM\CurrentControlSet\Control, ChangeType=Modified, Details=Change detected in System Control Settings
[2026-01-07 19:08:49.033] [Info] [RegistryWatcher] Modified: LocalMachine\SYSTEM\CurrentControlSet\Control | KeyPath=LocalMachine\SYSTEM\CurrentControlSet\Control, ChangeType=Modified, Details=Change detected in System Control Settings
[2026-01-07 19:08:49.034] [Info] [RegistryWatcher] Modified: LocalMachine\SYSTEM\CurrentControlSet\Control | KeyPath=LocalMachine\SYSTEM\CurrentControlSet\Control, ChangeType=Modified, Details=Change detected in System Control Settings
[2026-01-07 19:08:49.034] [Info] [RegistryWatcher] Modified: LocalMachine\SYSTEM\CurrentControlSet\Control | KeyPath=LocalMachine\SYSTEM\CurrentControlSet\Control, ChangeType=Modified, Details=Change detected in System Control Settings
32.307] [Info] [RegistryWatcher] Modified: LocalMachine\SYSTEM\CurrentControlSet\Control | KeyPath=LocalMachine\SYSTEM\CurrentControlSet\Control, ChangeType=Modified, Details=Change detected in System Control Settings
[2026-01-07 19:08:32.336] [Info] [RegistryWatcher] Modified: LocalMachine\SYSTEM\CurrentControlSet\Control | KeyPath=LocalMachine\SYSTEM\CurrentControlSet\Control, ChangeType=Modified, Details=Change detected in System Control Settings
[2026-01-07 19:08:32.337] [Info] [RegistryWatcher] Modified: LocalMachine\SYSTEM\CurrentControlSet\Control | KeyPath=LocalMachine\SYSTEM\CurrentControlSet\Control, ChangeType=Modified, Details=Change detected in System Control Settings
[2026-01-07 19:08:33.598] [Info] [RegistryWatcher] Modified: LocalMachine\SYSTEM\CurrentControlSet\Control | KeyPath=LocalMachine\SYSTEM\CurrentControlSet\Control, ChangeType=Modified, Details=Change detected in System Control Settings
[2026-01-07 19:08:33.600] [Info] [RegistryWatcher] Modified: LocalMachine\SYSTEM\CurrentControlSet\Control | KeyPath=LocalMachine\SYSTEM\CurrentControlSet\Control, ChangeType=Modified, Details=Change detected in System Control Settings
[2026-01-07 19:08:33.627] [Info] [RegistryWatcher] Modified: LocalMachine\SYSTEM\CurrentControlSet\Control | KeyPath=LocalMachine\SYSTEM\CurrentControlSet\Control, ChangeType=Modified, Details=Change detected in System Control Settings
[2026-01-07 19:08:33.628] [Info] [RegistryWatcher] Modified: LocalMachine\SYSTEM\CurrentControlSet\Control | KeyPath=LocalMachine\SYSTEM\CurrentControlSet\Control, ChangeType=Modified, Details=Change detected in System Control Settings
[2026-01-07 19:08:42.389] [Info] [RegistryWatcher] Modified: LocalMachine\SYSTEM\CurrentControlSet\Control | KeyPath=LocalMachine\SYSTEM\CurrentControlSet\Control, ChangeType=Modified, Details=Change detected in System Control Settings
[2026-01-07 19:08:42.390] [Info] [RegistryWatcher] Modified: LocalMachine\SYSTEM\CurrentControlSet\Control | KeyPath=LocalMachine\SYSTEM\CurrentControlSet\Control, ChangeType=Modified, Details=Change detected in System Control Settings
[2026-01-07 19:08:42.421] [Info] [RegistryWatcher] Modified: LocalMachine\SYSTEM\CurrentControlSet\Control | KeyPath=LocalMachine\SYSTEM\CurrentControlSet\Control, ChangeType=Modified, Details=Change detected in System Control Settings
[2026-01-07 19:08:42.422] [Info] [RegistryWatcher] Modified: LocalMachine\SYSTEM\CurrentControlSet\Control | KeyPath=LocalMachine\SYSTEM\CurrentControlSet\Control, ChangeType=Modified, Details=Change detected in System Control Settings
[2026-01-07 19:08:43.681] [Info] [RegistryWatcher] Modified: LocalMachine\SYSTEM\CurrentControlSet\Control | KeyPath=LocalMachine\SYSTEM\CurrentControlSet\Control, ChangeType=Modified, Details=Change detected in System Control Settings
[2026-01-07 19:08:43.682] [Info] [RegistryWatcher] Modified: LocalMachine\SYSTEM\CurrentControlSet\Control | KeyPath=LocalMachine\SYSTEM\CurrentControlSet\Control, ChangeType=Modified, Details=Change detected in System Control Settings
[2026-01-07 19:08:43.710] [Info] [RegistryWatcher] Modified: LocalMachine\SYSTEM\CurrentControlSet\Control | KeyPath=LocalMachine\SYSTEM\CurrentControlSet\Control, ChangeType=Modified, Details=Change detected in System Control Settings
[2026-01-07 19:08:43.712] [Info] [RegistryWatcher] Modified: LocalMachine\SYSTEM\CurrentControlSet\Control | KeyPath=LocalMachine\SYSTEM\CurrentControlSet\Control, ChangeType=Modified, Details=Change detected in System Control Settings
